monukumar,monukumer48@fgtsoft.site,Ram@12345,7965362620,516003,203/69o,farmaankhan mutt,Kadapa,ANDHRA PRADESH,India
shankarkumar,shenkerkumer80@fgtsoft.site,Ram@12345,7290705775,530010,124/91p,sandeepkumar nagar,Visakhapatnam,ANDHRA PRADESH,India
manishkumarsaket,menishkumerseket62@fgtsoft.site,Ram@12345,6974239850,520002,417/83a,ramsingh halli,Vijayawada,ANDHRA PRADESH,India
vijay,vijey42@fgtsoft.site,Ram@12345,7785247372,517506,461/80s,tammanne nagar,Tirupati,ANDHRA PRADESH,India
udham,udhem26@fgtsoft.site,Ram@12345,9978835709,530011,552/62d,madan halli,Visakhapatnam,ANDHRA PRADESH,India
saurabhso,seurebhso66@fgtsoft.site,Ram@12345,6800744308,517505,899/77f,rahul mutt,Tirupati,ANDHRA PRADESH,India
ayush,eyush61@fgtsoft.site,Ram@12345,7325526902,520012,600/34g,gurmitsingh road,Vijayawada,ANDHRA PRADESH,India
ravinder,revinder66@fgtsoft.site,Ram@12345,8899029630,520011,318/77h,vijayvirmani road,Vijayawada,ANDHRA PRADESH,India
rahul,rehul66@fgtsoft.site,Ram@12345,8503956089,530019,864/20j,rakesh halli,Visakhapatnam,ANDHRA PRADESH,India
narayangadri,nereyengedri26@fgtsoft.site,Ram@12345,7409495723,530006,824/65k,pintukumar mutt,Visakhapatnam,ANDHRA PRADESH,India
lakshmannath,lekshmenneth20@fgtsoft.site,Ram@12345,9602804360,515414,524/18l,mohabbatali halli,Tadipatri,ANDHRA PRADESH,India
rahul,rehul82@fgtsoft.site,Ram@12345,9764773052,515411,480/18z,aamirhussain halli,Tadipatri,ANDHRA PRADESH,India
rohit,rohit64@fgtsoft.site,Ram@12345,6857258590,520008,24/65x,mohabbatali mutt,Vijayawada,ANDHRA PRADESH,India
ajay,ejey62@fgtsoft.site,Ram@12345,8552063375,516003,391/26c,deepak road,Kadapa,ANDHRA PRADESH,India
sachinkumar,sechinkumer46@fgtsoft.site,Ram@12345,9362935583,516003,125/17v,shadab halli,Kadapa,ANDHRA PRADESH,India
shahid,shehid61@fgtsoft.site,Ram@12345,8672058450,530004,570/1b,yogita mutt,Visakhapatnam,ANDHRA PRADESH,India
amarjeet,emerjeet61@fgtsoft.site,Ram@12345,8827866407,517507,830/67n,kartikkaku road,Tirupati,ANDHRA PRADESH,India
munnaravijaiswal,munnerevijeiswel22@fgtsoft.site,Ram@12345,8294542375,516003,848/87m,deepak road,Kadapa,ANDHRA PRADESH,India
ishtkar,ishtker24@fgtsoft.site,Ram@12345,6695944587,530002,421/67q,ravinderbacchi mutt,Visakhapatnam,ANDHRA PRADESH,India
harishchand,herishchend26@fgtsoft.site,Ram@12345,7237735739,516003,775/74w,ramkumar halli,Kadapa,ANDHRA PRADESH,India
puneetjain,puneetjein84@fgtsoft.site,Ram@12345,7253984774,530002,253/71e,guddu road,Visakhapatnam,ANDHRA PRADESH,India
abhishekh,ebhishekh66@fgtsoft.site,Ram@12345,8496858757,530016,862/82r,rakesh road,Visakhapatnam,ANDHRA PRADESH,India
rashab,resheb62@fgtsoft.site,Ram@12345,8576373525,530008,106/98t,manishgarg mutt,Visakhapatnam,ANDHRA PRADESH,India
amitkumarshukla,emitkumershukle22@fgtsoft.site,Ram@12345,9835855434,530020,610/39y,shadab road,Visakhapatnam,ANDHRA PRADESH,India
vinod,vinod42@fgtsoft.site,Ram@12345,9574788093,515413,165/36u,shivkumar halli,Tadipatri,ANDHRA PRADESH,India
prafulnaag,prefulneeg62@fgtsoft.site,Ram@12345,9905676039,530003,861/35i,chanderpal nagar,Visakhapatnam,ANDHRA PRADESH,India
tarachandpappu,terechendpeppu82@fgtsoft.site,Ram@12345,7508234754,530015,445/17o,mohd.mukhtaar road,Visakhapatnam,ANDHRA PRADESH,India
deepakrana,deepekrene46@fgtsoft.site,Ram@12345,7305346636,515412,286/64p,sheakshakir mutt,Tadipatri,ANDHRA PRADESH,India
puransinghrastogi,purensinghrestogi64@fgtsoft.site,Ram@12345,9073425775,520006,642/33a,vivek road,Vijayawada,ANDHRA PRADESH,India
narender,nerender64@fgtsoft.site,Ram@12345,6890520547,517504,329/57s,supriyalsen road,Tirupati,ANDHRA PRADESH,India
lalbabuprasad,lelbebupresed24@fgtsoft.site,Ram@12345,6952486658,516003,763/92d,jony mutt,Kadapa,ANDHRA PRADESH,India
dinesh,dinesh60@fgtsoft.site,Ram@12345,8905523780,530005,435/51f,vijay road,Visakhapatnam,ANDHRA PRADESH,India
rakesh,rekesh68@fgtsoft.site,Ram@12345,7562453049,530017,362/4g,surendersinghchauhan mutt,Visakhapatnam,ANDHRA PRADESH,India
ankush,enkush66@fgtsoft.site,Ram@12345,7040507056,530012,331/34h,rahulsharma nagar,Visakhapatnam,ANDHRA PRADESH,India
kuldeep,kuldeep62@fgtsoft.site,Ram@12345,7046275263,517501,139/99j,rupesh road,Tirupati,ANDHRA PRADESH,India
lalchand,lelchend20@fgtsoft.site,Ram@12345,9359993682,530009,696/13k,vansudev halli,Visakhapatnam,ANDHRA PRADESH,India
vivek,vivek14@fgtsoft.site,Ram@12345,9580395283,530014,243/34l,chandesh halli,Visakhapatnam,ANDHRA PRADESH,India
pankaj,penkej40@fgtsoft.site,Ram@12345,8962380056,530018,701/59z,mohankumar halli,Visakhapatnam,ANDHRA PRADESH,India
sanjay,senjey24@fgtsoft.site,Ram@12345,8373555273,517503,30/38x,suraj mutt,Tirupati,ANDHRA PRADESH,India
kiranpal,kirenpel46@fgtsoft.site,Ram@12345,7955800068,520007,893/46c,sachin halli,Vijayawada,ANDHRA PRADESH,India
ranveersingh,renveersingh28@fgtsoft.site,Ram@12345,8885347428,520013,637/83v,kabir mutt,Vijayawada,ANDHRA PRADESH,India
anwar,enwer26@fgtsoft.site,Ram@12345,7330338735,520005,956/91b,ajaynarayan halli,Vijayawada,ANDHRA PRADESH,India
sadaburfgolu,sedeburfgolu22@fgtsoft.site,Ram@12345,8858654772,520010,44/93n,rohit nagar,Vijayawada,ANDHRA PRADESH,India
gorav,gorev46@fgtsoft.site,Ram@12345,6706702526,520004,268/99m,yogesh halli,Vijayawada,ANDHRA PRADESH,India
rajkumarraju,rejkumerreju64@fgtsoft.site,Ram@12345,7545789364,530013,893/13q,rakeshsarkar halli,Visakhapatnam,ANDHRA PRADESH,India
jitender,jitender18@fgtsoft.site,Ram@12345,8503034977,520009,183/6w,mubarik nagar,Vijayawada,ANDHRA PRADESH,India
laxmikantkaka,lexmikentkeke60@fgtsoft.site,Ram@12345,6784025742,520003,533/62e,amit halli,Vijayawada,ANDHRA PRADESH,India
narayanparsadbhushal,nereyenpersedbhushel28@fgtsoft.site,Ram@12345,7093270462,530007,637/4r,rajbir nagar,Visakhapatnam,ANDHRA PRADESH,India
abbas,ebbes82@fgtsoft.site,Ram@12345,8546557484,517502,619/69t,lalitrana road,Tirupati,ANDHRA PRADESH,India
avinash,evinesh40@fgtsoft.site,Ram@12345,8638397555,516003,146/30y,mohansingh nagar,Kadapa,ANDHRA PRADESH,India
ravish,revish21@fgtsoft.site,Ram@12345,9334960482,530010,738/91u,aslamallam mutt,Visakhapatnam,ANDHRA PRADESH,India
hukumchand,hukumchend21@fgtsoft.site,Ram@12345,8608580035,520002,850/63i,armanansari mutt,Vijayawada,ANDHRA PRADESH,India
pappumahendersingh,peppumehendersingh16@fgtsoft.site,Ram@12345,9753697263,517506,370/33o,anubhavshrivastab road,Tirupati,ANDHRA PRADESH,India
akashtomer,ekeshtomer26@fgtsoft.site,Ram@12345,7458526295,530011,786/28p,dineshkumar mutt,Visakhapatnam,ANDHRA PRADESH,India
maheshchandtiwari,meheshchendtiweri46@fgtsoft.site,Ram@12345,8388334953,517505,428/15a,ajaynarayan road,Tirupati,ANDHRA PRADESH,India
rekhai,rekhei82@fgtsoft.site,Ram@12345,8944459655,520012,536/73s,yogita mutt,Vijayawada,ANDHRA PRADESH,India
gajenderkumar,gejenderkumer24@fgtsoft.site,Ram@12345,7766252584,520011,860/92d,shelenderyadav halli,Vijayawada,ANDHRA PRADESH,India
vashudev,veshudev62@fgtsoft.site,Ram@12345,8284034276,530019,159/80f,chotelal halli,Visakhapatnam,ANDHRA PRADESH,India
bhanwarsingh,bhenwersingh16@fgtsoft.site,Ram@12345,9738570357,530006,227/52g,himanshu mutt,Visakhapatnam,ANDHRA PRADESH,India
amitkumar,emitkumer41@fgtsoft.site,Ram@12345,6754672468,515414,343/79h,dinesh mutt,Tadipatri,ANDHRA PRADESH,India
surendersain,surendersein16@fgtsoft.site,Ram@12345,8820383565,515411,74/81j,rijulaggarwal halli,Tadipatri,ANDHRA PRADESH,India
akshaykumar,eksheykumer22@fgtsoft.site,Ram@12345,7775358846,520008,190/87k,gulfam road,Vijayawada,ANDHRA PRADESH,India
goldy,goldy61@fgtsoft.site,Ram@12345,8569273068,516003,312/72l,rohit halli,Kadapa,ANDHRA PRADESH,India
satyenderkalu,setyenderkelu86@fgtsoft.site,Ram@12345,8508746032,516003,35/51z,bhagwatiprasad nagar,Kadapa,ANDHRA PRADESH,India
devender,devender66@fgtsoft.site,Ram@12345,8037327752,530004,950/65x,rahul road,Visakhapatnam,ANDHRA PRADESH,India
veer,veer44@fgtsoft.site,Ram@12345,7935885679,517507,658/39c,nankuprasad nagar,Tirupati,ANDHRA PRADESH,India
ankushshera,enkushshere20@fgtsoft.site,Ram@12345,9556306662,516003,537/62v,mohd.mukhtaar mutt,Kadapa,ANDHRA PRADESH,India
mohd.amir,mohd.emir16@fgtsoft.site,Ram@12345,6856325557,530002,213/86b,mohabbatali road,Visakhapatnam,ANDHRA PRADESH,India
babloo,bebloo46@fgtsoft.site,Ram@12345,6937695538,516003,493/30n,aman halli,Kadapa,ANDHRA PRADESH,India
bhaveshdass,bheveshdess62@fgtsoft.site,Ram@12345,9836975485,530002,286/13m,yognder halli,Visakhapatnam,ANDHRA PRADESH,India
gourav,gourev20@fgtsoft.site,Ram@12345,7585435029,530016,403/91q,ramduttgupta nagar,Visakhapatnam,ANDHRA PRADESH,India
sunil,sunil86@fgtsoft.site,Ram@12345,9894728232,530008,587/64w,khursid nagar,Visakhapatnam,ANDHRA PRADESH,India
guddurai,guddurei42@fgtsoft.site,Ram@12345,7685407870,530020,555/42e,aman mutt,Visakhapatnam,ANDHRA PRADESH,India
yogeshrawat,yogeshrewet68@fgtsoft.site,Ram@12345,7450776000,515413,901/53r,amit halli,Tadipatri,ANDHRA PRADESH,India
amarapal,emerepel81@fgtsoft.site,Ram@12345,9565845984,530003,821/22t,shyamkumar halli,Visakhapatnam,ANDHRA PRADESH,India
rajeshagarwal,rejeshegerwel20@fgtsoft.site,Ram@12345,6872479569,530015,609/7y,akashgupta nagar,Visakhapatnam,ANDHRA PRADESH,India
tarasinghrawat,teresinghrewet62@fgtsoft.site,Ram@12345,9895865034,515412,782/27u,pooranchandsharma mutt,Tadipatri,ANDHRA PRADESH,India
momin,momin66@fgtsoft.site,Ram@12345,9795599807,520006,848/93i,supriyalsen halli,Vijayawada,ANDHRA PRADESH,India
parnavkumar,pernevkumer62@fgtsoft.site,Ram@12345,9330654495,517504,218/75o,nankuprasad mutt,Tirupati,ANDHRA PRADESH,India
neerajkumar,neerejkumer16@fgtsoft.site,Ram@12345,8857702534,516003,869/48p,doodhnathpandit nagar,Kadapa,ANDHRA PRADESH,India
parminder,perminder16@fgtsoft.site,Ram@12345,8378242397,530005,83/14a,mohitmaan halli,Visakhapatnam,ANDHRA PRADESH,India
mustafa,mustefe26@fgtsoft.site,Ram@12345,9253563500,530017,137/71s,deep road,Visakhapatnam,ANDHRA PRADESH,India
ajayhaldar,ejeyhelder11@fgtsoft.site,Ram@12345,7807459752,530012,643/68d,jitender halli,Visakhapatnam,ANDHRA PRADESH,India
sanjay,senjey62@fgtsoft.site,Ram@12345,7837739056,517501,131/31f,amit nagar,Tirupati,ANDHRA PRADESH,India
dharmender,dhermender66@fgtsoft.site,Ram@12345,7403050520,530009,491/50g,santlalgolu halli,Visakhapatnam,ANDHRA PRADESH,India
gauravsethi,geurevsethi26@fgtsoft.site,Ram@12345,8635934388,530014,981/2h,jagdish nagar,Visakhapatnam,ANDHRA PRADESH,India
suresh,suresh82@fgtsoft.site,Ram@12345,9667333255,530018,896/54j,vinodlal halli,Visakhapatnam,ANDHRA PRADESH,India
rohit,rohit66@fgtsoft.site,Ram@12345,8857546565,517503,620/44k,virender nagar,Tirupati,ANDHRA PRADESH,India
dinesh,dinesh61@fgtsoft.site,Ram@12345,9630568873,520007,115/94l,talim halli,Vijayawada,ANDHRA PRADESH,India
sachinkumar,sechinkumer86@fgtsoft.site,Ram@12345,7040709527,520013,152/28z,ramvilash mutt,Vijayawada,ANDHRA PRADESH,India
sagar,seger26@fgtsoft.site,Ram@12345,9393685707,520005,984/76x,kalicharan road,Vijayawada,ANDHRA PRADESH,India
vipin,vipin64@fgtsoft.site,Ram@12345,9588609566,520010,807/5c,akhilesh halli,Vijayawada,ANDHRA PRADESH,India
parthmadan,perthmeden66@fgtsoft.site,Ram@12345,8067859053,520004,731/64v,somdutt halli,Vijayawada,ANDHRA PRADESH,India
kuldeep,kuldeep66@fgtsoft.site,Ram@12345,8753209853,530013,713/98b,pooranchandsharma mutt,Visakhapatnam,ANDHRA PRADESH,India
abhimanyu,ebhimenyu22@fgtsoft.site,Ram@12345,7728573042,520009,256/5n,babluregar nagar,Vijayawada,ANDHRA PRADESH,India
pawankumarsonu,pewenkumersonu61@fgtsoft.site,Ram@12345,9483004752,520003,993/79m,aamirhussain halli,Vijayawada,ANDHRA PRADESH,India
rohan,rohen46@fgtsoft.site,Ram@12345,7962652666,530007,556/73q,somdutt road,Visakhapatnam,ANDHRA PRADESH,India
rajugarg,rejugerg11@fgtsoft.site,Ram@12345,9437338652,517502,83/99w,shivkumar road,Tirupati,ANDHRA PRADESH,India
samirmishra,semirmishre26@fgtsoft.site,Ram@12345,7004288403,516003,203/80e,rizwan nagar,Kadapa,ANDHRA PRADESH,India
ramdayal,remdeyel40@fgtsoft.site,Ram@12345,9676568945,530010,20/29r,gulshan nagar,Visakhapatnam,ANDHRA PRADESH,India
jagdishchand,jegdishchend62@fgtsoft.site,Ram@12345,9453502589,520002,935/28t,sumit mutt,Vijayawada,ANDHRA PRADESH,India
kanheya,kenheye24@fgtsoft.site,Ram@12345,7755585555,517506,828/71y,mohdshahid road,Tirupati,ANDHRA PRADESH,India
deepak,deepek11@fgtsoft.site,Ram@12345,9576745335,530011,289/5u,manoj halli,Visakhapatnam,ANDHRA PRADESH,India
mushrraf,mushrref80@fgtsoft.site,Ram@12345,9853607374,517505,616/42i,ramvilash road,Tirupati,ANDHRA PRADESH,India
prem,prem86@fgtsoft.site,Ram@12345,7567834838,520012,560/22o,pintuthakur mutt,Vijayawada,ANDHRA PRADESH,India
pardeepkumar,perdeepkumer26@fgtsoft.site,Ram@12345,9329756595,520011,823/54p,guddu halli,Vijayawada,ANDHRA PRADESH,India
monu,monu16@fgtsoft.site,Ram@12345,9508378702,530019,941/71a,dinesh halli,Visakhapatnam,ANDHRA PRADESH,India
pawan,pewen40@fgtsoft.site,Ram@12345,9787859692,530006,726/26s,ramsingh halli,Visakhapatnam,ANDHRA PRADESH,India
manojkumar,menojkumer12@fgtsoft.site,Ram@12345,8045787375,515414,294/92d,sanjay nagar,Tadipatri,ANDHRA PRADESH,India
deepak,deepek48@fgtsoft.site,Ram@12345,7004836583,515411,275/4f,akashgupta nagar,Tadipatri,ANDHRA PRADESH,India
nithyanandham,nithyenendhem66@fgtsoft.site,Ram@12345,8449860973,520008,364/5g,khursid road,Vijayawada,ANDHRA PRADESH,India
deepakgoyal,deepekgoyel28@fgtsoft.site,Ram@12345,6880524357,516003,601/80h,tammanne nagar,Kadapa,ANDHRA PRADESH,India
sunilladkani,sunilledkeni22@fgtsoft.site,Ram@12345,7588607207,516003,156/85j,rohit mutt,Kadapa,ANDHRA PRADESH,India
ajay,ejey22@fgtsoft.site,Ram@12345,9587824505,530004,579/37k,khadaksingh road,Visakhapatnam,ANDHRA PRADESH,India
gopal,gopel22@fgtsoft.site,Ram@12345,9264484707,517507,77/2l,bhagwatiprasad halli,Tirupati,ANDHRA PRADESH,India
vivek,vivek68@fgtsoft.site,Ram@12345,8348057688,516003,502/1z,gumansinghbasyal road,Kadapa,ANDHRA PRADESH,India
mahavir,mehevir82@fgtsoft.site,Ram@12345,9443765940,530002,781/17x,preetamkumar mutt,Visakhapatnam,ANDHRA PRADESH,India
indrasain,indresein66@fgtsoft.site,Ram@12345,7239558442,516003,412/34c,chandesh nagar,Kadapa,ANDHRA PRADESH,India
soni,soni26@fgtsoft.site,Ram@12345,7556522899,530002,70/83v,rajkumar road,Visakhapatnam,ANDHRA PRADESH,India
arunkumar,erunkumer86@fgtsoft.site,Ram@12345,9726735843,530016,625/87b,vijay nagar,Visakhapatnam,ANDHRA PRADESH,India
ashoksharma,eshoksherme68@fgtsoft.site,Ram@12345,7755554248,530008,175/73n,balraj halli,Visakhapatnam,ANDHRA PRADESH,India
veersingh,veersingh14@fgtsoft.site,Ram@12345,9073695487,530020,968/53m,ramduttgupta mutt,Visakhapatnam,ANDHRA PRADESH,India
amandahiya,emendehiye66@fgtsoft.site,Ram@12345,8689757672,515413,840/31q,gajendersinghgoldy mutt,Tadipatri,ANDHRA PRADESH,India
pawan,pewen28@fgtsoft.site,Ram@12345,8620575627,530003,99/90w,vansudev nagar,Visakhapatnam,ANDHRA PRADESH,India
laxminarayan,lexminereyen22@fgtsoft.site,Ram@12345,9273377373,530015,824/2e,salman mutt,Visakhapatnam,ANDHRA PRADESH,India
vikramdubey,vikremdubey22@fgtsoft.site,Ram@12345,8887450644,515412,429/15r,bhagwatiprasad halli,Tadipatri,ANDHRA PRADESH,India
rima,rime16@fgtsoft.site,Ram@12345,7507062347,520006,640/3t,jaswantsingh road,Vijayawada,ANDHRA PRADESH,India
suraj,surej82@fgtsoft.site,Ram@12345,7295798025,517504,285/81y,ajaykumar mutt,Tirupati,ANDHRA PRADESH,India
virender,virender66@fgtsoft.site,Ram@12345,7657035338,516003,617/16u,sureshkumar halli,Kadapa,ANDHRA PRADESH,India
tarasinghrawat,teresinghrewet62@fgtsoft.site,Ram@12345,7846675067,530005,507/48i,bhupender nagar,Visakhapatnam,ANDHRA PRADESH,India
ramjankhan,remjenkhen18@fgtsoft.site,Ram@12345,8649503259,530017,527/66o,yashmittal road,Visakhapatnam,ANDHRA PRADESH,India
sunder,sunder26@fgtsoft.site,Ram@12345,7577083775,530012,213/17p,pritamsingh road,Visakhapatnam,ANDHRA PRADESH,India
omparkash,omperkesh82@fgtsoft.site,Ram@12345,7005474650,517501,129/5a,harshdagar road,Tirupati,ANDHRA PRADESH,India
saddam,seddem88@fgtsoft.site,Ram@12345,9724647458,530009,656/82s,md.afsar nagar,Visakhapatnam,ANDHRA PRADESH,India
aloktiwari,eloktiweri16@fgtsoft.site,Ram@12345,8595086486,530014,525/44d,jaisingh road,Visakhapatnam,ANDHRA PRADESH,India
vudebhadur,vudebhedur84@fgtsoft.site,Ram@12345,9887903026,530018,519/64f,rajender halli,Visakhapatnam,ANDHRA PRADESH,India
premsinghbidla,premsinghbidle26@fgtsoft.site,Ram@12345,9504765056,517503,989/47g,parvesh nagar,Tirupati,ANDHRA PRADESH,India
chetanyaswaroop,chetenyesweroop41@fgtsoft.site,Ram@12345,8667892323,520007,742/63h,amit mutt,Vijayawada,ANDHRA PRADESH,India
pinkooguddu,pinkooguddu88@fgtsoft.site,Ram@12345,7585536939,520013,744/1j,santosh road,Vijayawada,ANDHRA PRADESH,India
shardanand,sherdenend26@fgtsoft.site,Ram@12345,8905006527,520005,164/18k,rustamshah nagar,Vijayawada,ANDHRA PRADESH,India
vikash,vikesh61@fgtsoft.site,Ram@12345,8535655556,520010,493/77l,sachin nagar,Vijayawada,ANDHRA PRADESH,India
henkhochonhaokip,henkhochonheokip21@fgtsoft.site,Ram@12345,7566045953,520004,832/61z,khadaksingh road,Vijayawada,ANDHRA PRADESH,India
gauravshankar,geurevshenker14@fgtsoft.site,Ram@12345,7592952659,530013,587/14x,shivkumar mutt,Visakhapatnam,ANDHRA PRADESH,India
shsikant,shsikent22@fgtsoft.site,Ram@12345,7509552932,520009,722/37c,pankajkumar halli,Vijayawada,ANDHRA PRADESH,India
md.tavrej,md.tevrej61@fgtsoft.site,Ram@12345,7365209624,520003,850/97v,mohansingh nagar,Vijayawada,ANDHRA PRADESH,India
amrudin,emrudin21@fgtsoft.site,Ram@12345,7666798780,530007,299/20b,mubarik halli,Visakhapatnam,ANDHRA PRADESH,India
shahnawaz,shehnewez60@fgtsoft.site,Ram@12345,6783970229,517502,844/79n,murari road,Tirupati,ANDHRA PRADESH,India
brijraj,brijrej66@fgtsoft.site,Ram@12345,7425845682,516003,458/48m,vikash road,Kadapa,ANDHRA PRADESH,India
amankumar,emenkumer24@fgtsoft.site,Ram@12345,7477397468,530010,198/86q,kunalkannu road,Visakhapatnam,ANDHRA PRADESH,India
dinesh,dinesh41@fgtsoft.site,Ram@12345,9956937332,520002,841/57w,arunvicky road,Vijayawada,ANDHRA PRADESH,India
vijaykumar,vijeykumer66@fgtsoft.site,Ram@12345,9792566852,517506,247/35e,rustamshah mutt,Tirupati,ANDHRA PRADESH,India
babansuresh,bebensuresh26@fgtsoft.site,Ram@12345,8247494657,530011,933/4r,mohankumar mutt,Visakhapatnam,ANDHRA PRADESH,India
subhamkumaryadav,subhemkumeryedev20@fgtsoft.site,Ram@12345,7552555555,517505,246/9t,sarbjeetronak mutt,Tirupati,ANDHRA PRADESH,India
sapna,sepne22@fgtsoft.site,Ram@12345,8588832652,520012,894/46y,bholasarkar mutt,Vijayawada,ANDHRA PRADESH,India
surendra,surendre60@fgtsoft.site,Ram@12345,7065093897,520011,637/42u,shafibul nagar,Vijayawada,ANDHRA PRADESH,India
naveen,neveen26@fgtsoft.site,Ram@12345,9374943255,530019,754/92i,deepak road,Visakhapatnam,ANDHRA PRADESH,India
ramniwas,remniwes62@fgtsoft.site,Ram@12345,7203225990,530006,95/28o,kesharansari nagar,Visakhapatnam,ANDHRA PRADESH,India
amar,emer26@fgtsoft.site,Ram@12345,8925356309,515414,573/68p,rizwan halli,Tadipatri,ANDHRA PRADESH,India
nanhukhan,nenhukhen64@fgtsoft.site,Ram@12345,7855833359,515411,381/74a,shivam road,Tadipatri,ANDHRA PRADESH,India
kishan,kishen88@fgtsoft.site,Ram@12345,7954430400,520008,234/37s,vivek nagar,Vijayawada,ANDHRA PRADESH,India
dharmender,dhermender28@fgtsoft.site,Ram@12345,7538568522,516003,175/95d,vinodlal road,Kadapa,ANDHRA PRADESH,India
rajaram,rejerem68@fgtsoft.site,Ram@12345,7254575096,516003,860/40f,rohit nagar,Kadapa,ANDHRA PRADESH,India
rishab,risheb22@fgtsoft.site,Ram@12345,8966669020,530004,991/16g,dollyrekhawomontoshah halli,Visakhapatnam,ANDHRA PRADESH,India
ziyabul,ziyebul88@fgtsoft.site,Ram@12345,8875069595,517507,150/72h,kausalkumar halli,Tirupati,ANDHRA PRADESH,India
jagmohan,jegmohen82@fgtsoft.site,Ram@12345,9663404798,516003,585/29j,jitender road,Kadapa,ANDHRA PRADESH,India
devender,devender42@fgtsoft.site,Ram@12345,9825994623,530002,50/40k,ramduttgupta halli,Visakhapatnam,ANDHRA PRADESH,India
riturajkumar,riturejkumer12@fgtsoft.site,Ram@12345,9735387762,516003,228/25l,anubhavshrivastab nagar,Kadapa,ANDHRA PRADESH,India
manojkumar,menojkumer64@fgtsoft.site,Ram@12345,8452733043,530002,11/32z,manishgarg halli,Visakhapatnam,ANDHRA PRADESH,India
rajkapoor,rejkepoor62@fgtsoft.site,Ram@12345,7885623538,530016,763/25x,santlalgolu mutt,Visakhapatnam,ANDHRA PRADESH,India
arvindagarwalpinto,ervindegerwelpinto60@fgtsoft.site,Ram@12345,7395500272,530008,935/25c,mohdshakib mutt,Visakhapatnam,ANDHRA PRADESH,India
rajbirahlawat,rejbirehlewet66@fgtsoft.site,Ram@12345,6853959023,530020,764/87v,rizwan nagar,Visakhapatnam,ANDHRA PRADESH,India
mohdfaijan,mohdfeijen22@fgtsoft.site,Ram@12345,8550578457,515413,304/88b,kalicharan mutt,Tadipatri,ANDHRA PRADESH,India
suraj,surej26@fgtsoft.site,Ram@12345,7227855055,530003,53/34n,mukulyadav mutt,Visakhapatnam,ANDHRA PRADESH,India
shyama,shyeme22@fgtsoft.site,Ram@12345,7563662442,530015,348/92m,ajaynarayan halli,Visakhapatnam,ANDHRA PRADESH,India
mohd.firoz,mohd.firoz24@fgtsoft.site,Ram@12345,8506499472,515412,454/28q,vinodlal halli,Tadipatri,ANDHRA PRADESH,India
jagdish,jegdish46@fgtsoft.site,Ram@12345,9706522857,520006,711/95w,tarjan halli,Vijayawada,ANDHRA PRADESH,India
bhagchand,bhegchend22@fgtsoft.site,Ram@12345,9985575797,517504,822/81e,bishun nagar,Tirupati,ANDHRA PRADESH,India
sachin,sechin84@fgtsoft.site,Ram@12345,9278737579,516003,18/25r,kunalkannu halli,Kadapa,ANDHRA PRADESH,India
parbhat,perbhet64@fgtsoft.site,Ram@12345,9000927884,530005,268/79t,rakeshsarkar halli,Visakhapatnam,ANDHRA PRADESH,India
aamod&pramod,eemod&premod66@fgtsoft.site,Ram@12345,8369935659,530017,656/36y,pankajkumar nagar,Visakhapatnam,ANDHRA PRADESH,India
chandershekhar,chendershekher62@fgtsoft.site,Ram@12345,8745093060,530012,73/56u,vikash road,Visakhapatnam,ANDHRA PRADESH,India
nanagram,nenegrem22@fgtsoft.site,Ram@12345,7755952576,517501,296/67i,jony nagar,Tirupati,ANDHRA PRADESH,India
gautam,geutem26@fgtsoft.site,Ram@12345,9443763345,530009,257/69o,rishi road,Visakhapatnam,ANDHRA PRADESH,India
mohan,mohen61@fgtsoft.site,Ram@12345,6884735334,530014,489/83p,sanjaycharee mutt,Visakhapatnam,ANDHRA PRADESH,India
govind,govind82@fgtsoft.site,Ram@12345,8588390306,530018,896/59a,kishan halli,Visakhapatnam,ANDHRA PRADESH,India
rajababu,rejebebu88@fgtsoft.site,Ram@12345,9883355632,517503,201/37s,manojyadavmanoj nagar,Tirupati,ANDHRA PRADESH,India
pramjotsingh,premjotsingh61@fgtsoft.site,Ram@12345,9474522995,520007,273/71d,chandesh halli,Vijayawada,ANDHRA PRADESH,India
abhinavvashit,ebhinevveshit24@fgtsoft.site,Ram@12345,7584485092,520013,475/7f,rohit mutt,Vijayawada,ANDHRA PRADESH,India
usha,ushe26@fgtsoft.site,Ram@12345,8939456049,520005,960/91g,amansonibadal halli,Vijayawada,ANDHRA PRADESH,India
vivekchabra,vivekchebre60@fgtsoft.site,Ram@12345,8883570020,520010,312/35h,pooranchand nagar,Vijayawada,ANDHRA PRADESH,India
ashish,eshish16@fgtsoft.site,Ram@12345,7878692538,520004,401/88j,mohd.mukhtaar nagar,Vijayawada,ANDHRA PRADESH,India
ankit,enkit86@fgtsoft.site,Ram@12345,7273259650,530013,892/84k,amit road,Visakhapatnam,ANDHRA PRADESH,India
harishchand,herishchend24@fgtsoft.site,Ram@12345,8548774080,520009,664/84l,deepak mutt,Vijayawada,ANDHRA PRADESH,India
nootanprakashyadav,nootenprekeshyedev42@fgtsoft.site,Ram@12345,9258058890,520003,866/62z,ashokkumarso road,Vijayawada,ANDHRA PRADESH,India
surender,surender42@fgtsoft.site,Ram@12345,8277502266,530007,727/24x,santosh road,Visakhapatnam,ANDHRA PRADESH,India
chhotelal,chhotelel61@fgtsoft.site,Ram@12345,8788049380,517502,210/18c,armanansari road,Tirupati,ANDHRA PRADESH,India
karan,keren60@fgtsoft.site,Ram@12345,8452480255,516003,246/62v,ramkishan nagar,Kadapa,ANDHRA PRADESH,India
karan,keren24@fgtsoft.site,Ram@12345,8885605864,530010,56/18b,aslamallam mutt,Visakhapatnam,ANDHRA PRADESH,India
abdulkadir,ebdulkedir22@fgtsoft.site,Ram@12345,6779765730,520002,66/41n,niraj halli,Vijayawada,ANDHRA PRADESH,India
vikaskumar,vikeskumer22@fgtsoft.site,Ram@12345,8526747273,517506,417/8m,pawan halli,Tirupati,ANDHRA PRADESH,India
sambhu,sembhu46@fgtsoft.site,Ram@12345,7527567200,530011,691/85q,kamaljitsingh road,Visakhapatnam,ANDHRA PRADESH,India
bablu,beblu66@fgtsoft.site,Ram@12345,7955750883,517505,872/39w,farmaankhan halli,Tirupati,ANDHRA PRADESH,India
bablu,beblu62@fgtsoft.site,Ram@12345,7599795572,520012,332/40e,rahul road,Vijayawada,ANDHRA PRADESH,India
rajenderkaku,rejenderkeku64@fgtsoft.site,Ram@12345,8926535245,520011,379/39r,rahulkumar nagar,Vijayawada,ANDHRA PRADESH,India
ramldaike,remldeike60@fgtsoft.site,Ram@12345,8558634065,530019,957/42t,gulfam road,Visakhapatnam,ANDHRA PRADESH,India
raju,reju28@fgtsoft.site,Ram@12345,6989484629,530006,527/55y,deepak mutt,Visakhapatnam,ANDHRA PRADESH,India
yasib,yesib62@fgtsoft.site,Ram@12345,9240950286,515414,780/90u,mahabirprasad halli,Tadipatri,ANDHRA PRADESH,India
sonelalshah,sonelelsheh64@fgtsoft.site,Ram@12345,8349050537,515411,562/78i,gurmitsingh road,Tadipatri,ANDHRA PRADESH,India
manojkumar,menojkumer66@fgtsoft.site,Ram@12345,7250284053,520008,406/33o,shivkumar mutt,Vijayawada,ANDHRA PRADESH,India
chhotuharijan,chhotuherijen12@fgtsoft.site,Ram@12345,9593807857,516003,603/58p,sarain road,Kadapa,ANDHRA PRADESH,India
sushant,sushent68@fgtsoft.site,Ram@12345,9435982525,516003,808/79a,amardeep mutt,Kadapa,ANDHRA PRADESH,India
omprakash,omprekesh28@fgtsoft.site,Ram@12345,9447555598,530004,864/34s,sparsh road,Visakhapatnam,ANDHRA PRADESH,India
manishkumar,menishkumer11@fgtsoft.site,Ram@12345,8650739279,517507,480/93d,sparsh road,Tirupati,ANDHRA PRADESH,India
adersen,edersen62@fgtsoft.site,Ram@12345,6754350972,516003,812/94f,jitender halli,Kadapa,ANDHRA PRADESH,India
mukeshkumaryogi,mukeshkumeryogi62@fgtsoft.site,Ram@12345,9025477977,530002,599/47g,mohd.mukhtaar road,Visakhapatnam,ANDHRA PRADESH,India
ramesh,remesh66@fgtsoft.site,Ram@12345,6746279232,516003,872/74h,uttamkumarsanki mutt,Kadapa,ANDHRA PRADESH,India
sagar,seger26@fgtsoft.site,Ram@12345,8444582545,530002,851/68j,ajaynarayan road,Visakhapatnam,ANDHRA PRADESH,India
amit,emit24@fgtsoft.site,Ram@12345,8542052658,530016,560/65k,kuldeep halli,Visakhapatnam,ANDHRA PRADESH,India
gautamkumar,geutemkumer60@fgtsoft.site,Ram@12345,8285443597,530008,445/62l,rajender road,Visakhapatnam,ANDHRA PRADESH,India
rajkumar,rejkumer88@fgtsoft.site,Ram@12345,9553355939,530020,592/3z,rohit halli,Visakhapatnam,ANDHRA PRADESH,India
hardeephunny,herdeephunny62@fgtsoft.site,Ram@12345,8957056386,515413,76/98x,bishun nagar,Tadipatri,ANDHRA PRADESH,India
rohitkumar,rohitkumer22@fgtsoft.site,Ram@12345,9942545026,530003,280/63c,mohitmaan nagar,Visakhapatnam,ANDHRA PRADESH,India
himanshu,himenshu64@fgtsoft.site,Ram@12345,7000872939,530015,27/43v,jaisingh nagar,Visakhapatnam,ANDHRA PRADESH,India
fitrat,fitret18@fgtsoft.site,Ram@12345,9999955273,515412,717/90b,arun road,Tadipatri,ANDHRA PRADESH,India
pankajsaini,penkejseini26@fgtsoft.site,Ram@12345,7460975200,520006,659/68n,kabir halli,Vijayawada,ANDHRA PRADESH,India
manishsehrawat,menishsehrewet28@fgtsoft.site,Ram@12345,8354296468,517504,89/11m,aakash road,Tirupati,ANDHRA PRADESH,India
krishan,krishen16@fgtsoft.site,Ram@12345,9784753573,516003,792/46q,mahabirprasad mutt,Kadapa,ANDHRA PRADESH,India
ravichandranatarajan,revichendreneterejen22@fgtsoft.site,Ram@12345,8557430458,530005,909/98w,pritamsingh mutt,Visakhapatnam,ANDHRA PRADESH,India
karunakardehra,kerunekerdehre68@fgtsoft.site,Ram@12345,8659259966,530017,937/38e,irfan road,Visakhapatnam,ANDHRA PRADESH,India
somdath,somdeth21@fgtsoft.site,Ram@12345,7635089759,530012,570/85r,amit mutt,Visakhapatnam,ANDHRA PRADESH,India
shiva,shive62@fgtsoft.site,Ram@12345,7459083337,517501,169/46t,raghunandandas road,Tirupati,ANDHRA PRADESH,India
rajeevjha,rejeevjhe26@fgtsoft.site,Ram@12345,8933358325,530009,222/52y,lalitkathuriya road,Visakhapatnam,ANDHRA PRADESH,India
vishal,vishel42@fgtsoft.site,Ram@12345,6838535452,530014,700/82u,rajkumar halli,Visakhapatnam,ANDHRA PRADESH,India
mukeshsoni,mukeshsoni60@fgtsoft.site,Ram@12345,8530207988,530018,521/46i,beeru mutt,Visakhapatnam,ANDHRA PRADESH,India
ashokkharkwal,eshokkherkwel20@fgtsoft.site,Ram@12345,7898022535,517503,918/82o,veerbhansingh mutt,Tirupati,ANDHRA PRADESH,India
rajkumar,rejkumer24@fgtsoft.site,Ram@12345,7374229767,520007,706/46p,abhishek nagar,Vijayawada,ANDHRA PRADESH,India
iswarsharan,iswersheren24@fgtsoft.site,Ram@12345,8797657526,520013,327/34a,yogita road,Vijayawada,ANDHRA PRADESH,India
maj-kokokhaing,mej-kokokheing61@fgtsoft.site,Ram@12345,8599586009,520005,693/60s,rajkumar road,Vijayawada,ANDHRA PRADESH,India
mannimanish,mennimenish61@fgtsoft.site,Ram@12345,6905044843,520010,189/53d,yashmittal nagar,Vijayawada,ANDHRA PRADESH,India
sonu,sonu28@fgtsoft.site,Ram@12345,6740498352,520004,17/95f,nikhleshwarbhagat halli,Vijayawada,ANDHRA PRADESH,India
amritpatel,emritpetel82@fgtsoft.site,Ram@12345,7036002585,530013,59/11g,neerajkumar halli,Visakhapatnam,ANDHRA PRADESH,India
tausin,teusin21@fgtsoft.site,Ram@12345,7587980348,520009,993/86h,ramkishan halli,Vijayawada,ANDHRA PRADESH,India
rajveer,rejveer26@fgtsoft.site,Ram@12345,9050094778,520003,958/83j,azaruddin nagar,Vijayawada,ANDHRA PRADESH,India
rupeshrathor,rupeshrethor62@fgtsoft.site,Ram@12345,7844890505,530007,620/32k,balraj halli,Visakhapatnam,ANDHRA PRADESH,India
dineshsinghrana,dineshsinghrene44@fgtsoft.site,Ram@12345,8075779255,517502,945/86l,santosh halli,Tirupati,ANDHRA PRADESH,India
bhratnarayn,bhretnereyn26@fgtsoft.site,Ram@12345,7025206494,516003,796/69z,ajaynarayan halli,Kadapa,ANDHRA PRADESH,India
annu,ennu26@fgtsoft.site,Ram@12345,9564335284,530010,774/25x,irfan road,Visakhapatnam,ANDHRA PRADESH,India
ombirsingh,ombirsingh81@fgtsoft.site,Ram@12345,9649480285,520002,754/92c,arjun road,Vijayawada,ANDHRA PRADESH,India
ombirsingh,ombirsingh24@fgtsoft.site,Ram@12345,9483656545,517506,390/67v,balraj nagar,Tirupati,ANDHRA PRADESH,India
anand,enend66@fgtsoft.site,Ram@12345,7906799527,530011,398/75b,rupesh nagar,Visakhapatnam,ANDHRA PRADESH,India
rajeshkumar,rejeshkumer16@fgtsoft.site,Ram@12345,9089584057,517505,136/67n,rajbir road,Tirupati,ANDHRA PRADESH,India
varunchandela,verunchendele46@fgtsoft.site,Ram@12345,7890552996,520012,125/97m,kabir nagar,Vijayawada,ANDHRA PRADESH,India
rahul,rehul64@fgtsoft.site,Ram@12345,9787639980,520011,483/15q,akkash nagar,Vijayawada,ANDHRA PRADESH,India
yameen,yemeen86@fgtsoft.site,Ram@12345,8828077759,530019,794/11w,rajkumar nagar,Visakhapatnam,ANDHRA PRADESH,India
ravisingh,revisingh16@fgtsoft.site,Ram@12345,6949388529,530006,548/88e,manojyadavmanoj road,Visakhapatnam,ANDHRA PRADESH,India
jitendrasingh,jitendresingh20@fgtsoft.site,Ram@12345,7678653583,515414,54/57r,abhishekh halli,Tadipatri,ANDHRA PRADESH,India
vivek,vivek44@fgtsoft.site,Ram@12345,6670326632,515411,580/66t,imamudeen mutt,Tadipatri,ANDHRA PRADESH,India
iarfanmohammad,ierfenmohemmed60@fgtsoft.site,Ram@12345,7788562528,520008,928/47y,anubhavshrivastab halli,Vijayawada,ANDHRA PRADESH,India
rajkumar,rejkumer20@fgtsoft.site,Ram@12345,8575628996,516003,107/93u,yashmittal nagar,Kadapa,ANDHRA PRADESH,India
mukesh,mukesh42@fgtsoft.site,Ram@12345,9702565880,516003,236/98i,rajababu nagar,Kadapa,ANDHRA PRADESH,India
sahil,sehil44@fgtsoft.site,Ram@12345,7745564657,530004,135/96o,amit mutt,Visakhapatnam,ANDHRA PRADESH,India
vasim,vesim82@fgtsoft.site,Ram@12345,8054505352,517507,193/34p,bvikjaykumar nagar,Tirupati,ANDHRA PRADESH,India
gauravkumar,geurevkumer62@fgtsoft.site,Ram@12345,7755082200,516003,448/60a,tammanne mutt,Kadapa,ANDHRA PRADESH,India
prateekkumartiwari,preteekkumertiweri86@fgtsoft.site,Ram@12345,8453447457,530002,863/51s,jony nagar,Visakhapatnam,ANDHRA PRADESH,India
birju,birju26@fgtsoft.site,Ram@12345,8373902565,516003,697/16d,rajkumar halli,Kadapa,ANDHRA PRADESH,India
pradeep,predeep68@fgtsoft.site,Ram@12345,6880852565,530002,630/22f,ramkumar nagar,Visakhapatnam,ANDHRA PRADESH,India
raghubirsingh,reghubirsingh68@fgtsoft.site,Ram@12345,8824568526,530016,871/50g,rajuchhotu halli,Visakhapatnam,ANDHRA PRADESH,India
ayubkhan,eyubkhen66@fgtsoft.site,Ram@12345,7444052595,530008,82/70h,nankuprasad road,Visakhapatnam,ANDHRA PRADESH,India
ramjatan,remjeten21@fgtsoft.site,Ram@12345,7363262864,530020,591/30j,ramkumar mutt,Visakhapatnam,ANDHRA PRADESH,India
azharali,ezhereli68@fgtsoft.site,Ram@12345,7857830932,515413,809/21k,arun road,Tadipatri,ANDHRA PRADESH,India
tufail,tufeil80@fgtsoft.site,Ram@12345,9558235440,530003,504/60l,rakeshsarkar mutt,Visakhapatnam,ANDHRA PRADESH,India
parveen,perveen66@fgtsoft.site,Ram@12345,9955465405,530015,888/54z,dharmbir nagar,Visakhapatnam,ANDHRA PRADESH,India
afridi,efridi61@fgtsoft.site,Ram@12345,7535847388,515412,555/35x,dharmbir halli,Tadipatri,ANDHRA PRADESH,India
tahir,tehir26@fgtsoft.site,Ram@12345,7595568455,520006,697/79c,rohit halli,Vijayawada,ANDHRA PRADESH,India
ankittiwari,enkittiweri66@fgtsoft.site,Ram@12345,9736776665,517504,964/65v,aman nagar,Tirupati,ANDHRA PRADESH,India
ravi,revi62@fgtsoft.site,Ram@12345,7570587846,516003,772/80b,jatinsonu halli,Kadapa,ANDHRA PRADESH,India
abhay,ebhey22@fgtsoft.site,Ram@12345,6936868587,530005,836/97n,shafibul mutt,Visakhapatnam,ANDHRA PRADESH,India
anujtiwari,enujtiweri88@fgtsoft.site,Ram@12345,7959558257,530017,96/22m,md.afsar nagar,Visakhapatnam,ANDHRA PRADESH,India
vipivmalkania,vipivmelkenie42@fgtsoft.site,Ram@12345,7608556495,530012,73/57q,durgesh nagar,Visakhapatnam,ANDHRA PRADESH,India
inderpal,inderpel66@fgtsoft.site,Ram@12345,7507576920,517501,335/32w,rohit halli,Tirupati,ANDHRA PRADESH,India
dineshsingh,dineshsingh66@fgtsoft.site,Ram@12345,9056924303,530009,891/57e,amansonibadal mutt,Visakhapatnam,ANDHRA PRADESH,India
suraj,surej28@fgtsoft.site,Ram@12345,7574735226,530014,584/11r,kesharansari halli,Visakhapatnam,ANDHRA PRADESH,India
sanjitmisra,senjitmisre66@fgtsoft.site,Ram@12345,8455545040,530018,868/67t,jaswantsingh mutt,Visakhapatnam,ANDHRA PRADESH,India
aasto,eesto66@fgtsoft.site,Ram@12345,9859506375,517503,857/21y,amitkumar nagar,Tirupati,ANDHRA PRADESH,India
charansingh,cherensingh22@fgtsoft.site,Ram@12345,6739690585,520007,900/22u,kunalkannu road,Vijayawada,ANDHRA PRADESH,India
dhansinghpuri,dhensinghpuri40@fgtsoft.site,Ram@12345,9699047694,520013,361/44i,arjun nagar,Vijayawada,ANDHRA PRADESH,India
chottushah,chottusheh26@fgtsoft.site,Ram@12345,8585992959,520005,215/98o,ramsingh halli,Vijayawada,ANDHRA PRADESH,India
ramchanderjha,remchenderjhe82@fgtsoft.site,Ram@12345,6727660335,520010,909/69p,farmaankhan road,Vijayawada,ANDHRA PRADESH,India
arjun,erjun16@fgtsoft.site,Ram@12345,8524592354,520004,144/12a,sparsh halli,Vijayawada,ANDHRA PRADESH,India
nirmal,nirmel42@fgtsoft.site,Ram@12345,8379045493,530013,252/77s,mdmustafa nagar,Visakhapatnam,ANDHRA PRADESH,India
niranjan,nirenjen28@fgtsoft.site,Ram@12345,9466807554,520009,173/49d,kunalkannu halli,Vijayawada,ANDHRA PRADESH,India
mantukumar,mentukumer22@fgtsoft.site,Ram@12345,8886878983,520003,756/32f,pawankumar halli,Vijayawada,ANDHRA PRADESH,India
saurabh,seurebh40@fgtsoft.site,Ram@12345,7756507245,530007,300/28g,jamilkhan halli,Visakhapatnam,ANDHRA PRADESH,India
firakatali,fireketeli26@fgtsoft.site,Ram@12345,9598474370,517502,582/4h,jagdish mutt,Tirupati,ANDHRA PRADESH,India
ajay,ejey28@fgtsoft.site,Ram@12345,6962984578,516003,667/68j,sachin halli,Kadapa,ANDHRA PRADESH,India
sagar,seger60@fgtsoft.site,Ram@12345,6900550085,530010,272/51k,sparsh halli,Visakhapatnam,ANDHRA PRADESH,India
ashshwerparsad,eshshwerpersed60@fgtsoft.site,Ram@12345,8045858353,520002,989/61l,sumit halli,Vijayawada,ANDHRA PRADESH,India
akash,ekesh68@fgtsoft.site,Ram@12345,7555386558,517506,192/63z,dharmbir mutt,Tirupati,ANDHRA PRADESH,India
andhav,endhev46@fgtsoft.site,Ram@12345,9053545556,530011,918/88x,sanjay nagar,Visakhapatnam,ANDHRA PRADESH,India
akhilkumar,ekhilkumer16@fgtsoft.site,Ram@12345,9876062542,517505,987/44c,kalicharan halli,Tirupati,ANDHRA PRADESH,India
ranbir,renbir62@fgtsoft.site,Ram@12345,9599537570,520012,96/43v,pintuthakur mutt,Vijayawada,ANDHRA PRADESH,India
amit,emit66@fgtsoft.site,Ram@12345,8844555086,520011,952/1b,sanjay mutt,Vijayawada,ANDHRA PRADESH,India
inderjeetmandal,inderjeetmendel62@fgtsoft.site,Ram@12345,7824285674,530019,538/88n,murari halli,Visakhapatnam,ANDHRA PRADESH,India
sikandar,sikender12@fgtsoft.site,Ram@12345,8698870335,530006,812/39m,silender mutt,Visakhapatnam,ANDHRA PRADESH,India
arjunsingh,erjunsingh20@fgtsoft.site,Ram@12345,9565435598,515414,578/93q,rajuchhotu halli,Tadipatri,ANDHRA PRADESH,India
vishalmishra,vishelmishre24@fgtsoft.site,Ram@12345,7589562675,515411,754/11w,amitkumar road,Tadipatri,ANDHRA PRADESH,India
dalipshah,delipsheh12@fgtsoft.site,Ram@12345,8658354389,520008,693/67e,dinesh mutt,Vijayawada,ANDHRA PRADESH,India
mohd.jafruddin,mohd.jefruddin66@fgtsoft.site,Ram@12345,7726443052,516003,695/87r,niraj halli,Kadapa,ANDHRA PRADESH,India
satnosh,setnosh24@fgtsoft.site,Ram@12345,7035444355,516003,297/80t,ajaykumar halli,Kadapa,ANDHRA PRADESH,India
sohanlal,sohenlel22@fgtsoft.site,Ram@12345,9734557797,530004,711/75y,rupesh halli,Visakhapatnam,ANDHRA PRADESH,India
vinodkumar,vinodkumer26@fgtsoft.site,Ram@12345,7623246220,517507,460/39u,doodhnathpandit mutt,Tirupati,ANDHRA PRADESH,India
dineshsingh,dineshsingh16@fgtsoft.site,Ram@12345,8496445873,516003,836/36i,shyamkumar road,Kadapa,ANDHRA PRADESH,India
ajaykumar,ejeykumer68@fgtsoft.site,Ram@12345,8094377430,530002,720/75o,vinod road,Visakhapatnam,ANDHRA PRADESH,India
pawan,pewen14@fgtsoft.site,Ram@12345,7256005222,516003,96/90p,uttamkumarsanki mutt,Kadapa,ANDHRA PRADESH,India
aasishkumar,eesishkumer12@fgtsoft.site,Ram@12345,8575050505,530002,747/8a,jamilkhan road,Visakhapatnam,ANDHRA PRADESH,India
tavinderkumar,tevinderkumer62@fgtsoft.site,Ram@12345,9070232965,530016,600/87s,babalusen halli,Visakhapatnam,ANDHRA PRADESH,India
laxman,lexmen42@fgtsoft.site,Ram@12345,9624755768,530008,76/66d,rohit halli,Visakhapatnam,ANDHRA PRADESH,India
milan,milen62@fgtsoft.site,Ram@12345,8509986476,530020,993/23f,ramji road,Visakhapatnam,ANDHRA PRADESH,India
harishankarverma,herishenkerverme88@fgtsoft.site,Ram@12345,8547505052,515413,974/5g,sunilkumar road,Tadipatri,ANDHRA PRADESH,India
rahul,rehul40@fgtsoft.site,Ram@12345,9845779747,530003,452/34h,vishalmoni mutt,Visakhapatnam,ANDHRA PRADESH,India
manish,menish22@fgtsoft.site,Ram@12345,6856860077,530015,331/97j,subhashchandbhatia road,Visakhapatnam,ANDHRA PRADESH,India
arun,erun81@fgtsoft.site,Ram@12345,9230403885,515412,728/60k,santosh road,Tadipatri,ANDHRA PRADESH,India
srikant,srikent12@fgtsoft.site,Ram@12345,8895458959,520006,872/29l,kesharansari mutt,Vijayawada,ANDHRA PRADESH,India
radheyshyamsaini,redheyshyemseini86@fgtsoft.site,Ram@12345,9536898545,517504,779/54z,avinsh nagar,Tirupati,ANDHRA PRADESH,India
mohit,mohit26@fgtsoft.site,Ram@12345,8040887055,516003,459/57x,mohd.mukhtaar mutt,Kadapa,ANDHRA PRADESH,India
damanjeetsingh,demenjeetsingh62@fgtsoft.site,Ram@12345,9939805987,530005,656/86c,rishikakdia nagar,Visakhapatnam,ANDHRA PRADESH,India
sameer,semeer68@fgtsoft.site,Ram@12345,9044259758,530017,893/4v,rishikakdia nagar,Visakhapatnam,ANDHRA PRADESH,India
bhushansahay,bhushensehey66@fgtsoft.site,Ram@12345,7489589522,530012,754/38b,mohdshahid halli,Visakhapatnam,ANDHRA PRADESH,India
rameshkumar,remeshkumer26@fgtsoft.site,Ram@12345,6746708952,517501,85/29n,aslamallam halli,Tirupati,ANDHRA PRADESH,India
samadh,semedh68@fgtsoft.site,Ram@12345,8257597589,530009,723/67m,bishun road,Visakhapatnam,ANDHRA PRADESH,India
malkeetsingh,melkeetsingh21@fgtsoft.site,Ram@12345,7099367090,530014,49/94q,ramkumar halli,Visakhapatnam,ANDHRA PRADESH,India
sachin,sechin26@fgtsoft.site,Ram@12345,6750395393,530018,542/65w,uttamkumarsanki road,Visakhapatnam,ANDHRA PRADESH,India
umashankar,umeshenker28@fgtsoft.site,Ram@12345,7062858524,517503,331/55e,yognder halli,Tirupati,ANDHRA PRADESH,India
kamlaprasad,kemlepresed21@fgtsoft.site,Ram@12345,9783633999,520013,136/14r,pooranchandsharma road,Vijayawada,ANDHRA PRADESH,India
mukesh,mukesh62@fgtsoft.site,Ram@12345,7057534545,520005,122/66t,amarjeet mutt,Vijayawada,ANDHRA PRADESH,India
mohd.iqbal,mohd.iqbel61@fgtsoft.site,Ram@12345,7726855852,520010,99/75y,vinitkatariya road,Vijayawada,ANDHRA PRADESH,India
sachin,sechin64@fgtsoft.site,Ram@12345,7874202583,520004,976/49u,pooranchand nagar,Vijayawada,ANDHRA PRADESH,India
tikku,tikku82@fgtsoft.site,Ram@12345,8037269759,530013,552/69i,uttamkumarsanki halli,Visakhapatnam,ANDHRA PRADESH,India
deepak,deepek86@fgtsoft.site,Ram@12345,7683569404,520009,514/65o,shivshaktisingh nagar,Vijayawada,ANDHRA PRADESH,India
vikash,vikesh62@fgtsoft.site,Ram@12345,8386085879,520003,767/98p,nikhleshwarbhagat road,Vijayawada,ANDHRA PRADESH,India
janesh,jenesh84@fgtsoft.site,Ram@12345,9857743439,530007,101/46a,amitkumar road,Visakhapatnam,ANDHRA PRADESH,India
satender,setender26@fgtsoft.site,Ram@12345,9592079568,517502,22/96s,mohdkausar road,Tirupati,ANDHRA PRADESH,India
lakshyachauhanlucky,lekshyecheuhenlucky28@fgtsoft.site,Ram@12345,9662677944,516003,434/11d,tarjan road,Kadapa,ANDHRA PRADESH,India
anoopsingh,enoopsingh24@fgtsoft.site,Ram@12345,6904743357,530010,295/7f,bharat nagar,Visakhapatnam,ANDHRA PRADESH,India
dalchand,delchend61@fgtsoft.site,Ram@12345,9735584409,520002,163/87g,sheakshakir nagar,Vijayawada,ANDHRA PRADESH,India
pushpendrasinghrathore,pushpendresinghrethore16@fgtsoft.site,Ram@12345,6957939534,517506,7/10h,jagdish road,Tirupati,ANDHRA PRADESH,India
harpalsingh,herpelsingh28@fgtsoft.site,Ram@12345,9446627264,530011,458/29j,vansudev road,Visakhapatnam,ANDHRA PRADESH,India
khimanand,khimenend11@fgtsoft.site,Ram@12345,9949458675,517505,729/26k,satyadev nagar,Tirupati,ANDHRA PRADESH,India
manojkumarage-24&sateshkumarage18,menojkumerege-24&seteshkumerege1821@fgtsoft.site,Ram@12345,7352324930,520012,213/30l,deepak halli,Vijayawada,ANDHRA PRADESH,India
akshit,ekshit68@fgtsoft.site,Ram@12345,9578395460,520011,742/12z,tarjan road,Vijayawada,ANDHRA PRADESH,India
chandankumar,chendenkumer12@fgtsoft.site,Ram@12345,9295053850,530019,476/71x,jahoorahmedmeer mutt,Visakhapatnam,ANDHRA PRADESH,India
vinay,viney12@fgtsoft.site,Ram@12345,8395622975,530006,459/19c,kuldeepsingh nagar,Visakhapatnam,ANDHRA PRADESH,India
pancham,penchem64@fgtsoft.site,Ram@12345,8522834589,515414,814/50v,guddu mutt,Tadipatri,ANDHRA PRADESH,India
rituraj,riturej62@fgtsoft.site,Ram@12345,7346364755,515411,211/97b,harmansingh nagar,Tadipatri,ANDHRA PRADESH,India
vinaykumarupadhayay,vineykumerupedheyey16@fgtsoft.site,Ram@12345,7558589247,520008,326/53n,krishan mutt,Vijayawada,ANDHRA PRADESH,India
shekher,shekher22@fgtsoft.site,Ram@12345,6789266236,516003,82/16m,rajeev halli,Kadapa,ANDHRA PRADESH,India
vinod,vinod66@fgtsoft.site,Ram@12345,7579509260,516003,481/6q,gajendersinghgoldy nagar,Kadapa,ANDHRA PRADESH,India
abhishekyadav,ebhishekyedev18@fgtsoft.site,Ram@12345,7959675482,530004,430/79w,punitkhandelwal halli,Visakhapatnam,ANDHRA PRADESH,India
abhishekyadav,ebhishekyedev22@fgtsoft.site,Ram@12345,8892645005,517507,491/15e,surendersinghchauhan road,Tirupati,ANDHRA PRADESH,India
manishkhandelwal,menishkhendelwel14@fgtsoft.site,Ram@12345,8882727088,516003,666/92r,kuldeepsingh road,Kadapa,ANDHRA PRADESH,India
birsingh,birsingh40@fgtsoft.site,Ram@12345,7733583268,530002,65/57t,rajakumar mutt,Visakhapatnam,ANDHRA PRADESH,India
ramniwas,remniwes68@fgtsoft.site,Ram@12345,8525753552,516003,961/7y,deepak mutt,Kadapa,ANDHRA PRADESH,India
rajkumarsainisomadanlalsaini,rejkumerseinisomedenlelseini26@fgtsoft.site,Ram@12345,8852280543,530002,580/45u,rahul halli,Visakhapatnam,ANDHRA PRADESH,India
rakesh,rekesh42@fgtsoft.site,Ram@12345,6927556437,530016,172/81i,supriyalsen nagar,Visakhapatnam,ANDHRA PRADESH,India
mohdsajim,mohdsejim24@fgtsoft.site,Ram@12345,7805055443,530008,755/4o,guddu nagar,Visakhapatnam,ANDHRA PRADESH,India
shankarlalsosukharam,shenkerlelsosukherem62@fgtsoft.site,Ram@12345,7688402323,530020,945/78p,ajaykumar mutt,Visakhapatnam,ANDHRA PRADESH,India
rahulsharma,rehulsherme66@fgtsoft.site,Ram@12345,8669548676,515413,145/19a,sandeepkumar mutt,Tadipatri,ANDHRA PRADESH,India
neerajkishore,neerejkishore66@fgtsoft.site,Ram@12345,7588533295,530003,522/90s,jony nagar,Visakhapatnam,ANDHRA PRADESH,India
ishwar,ishwer66@fgtsoft.site,Ram@12345,6750043332,530015,623/55d,sumitmitra road,Visakhapatnam,ANDHRA PRADESH,India
bilal,bilel22@fgtsoft.site,Ram@12345,8505896426,515412,789/49f,supriyalsen halli,Tadipatri,ANDHRA PRADESH,India
raviparkashsolanki,reviperkeshsolenki61@fgtsoft.site,Ram@12345,8476520542,520006,817/89g,rajeev nagar,Vijayawada,ANDHRA PRADESH,India
rohitkumartiwari,rohitkumertiweri81@fgtsoft.site,Ram@12345,9526552968,517504,140/71h,rashid mutt,Tirupati,ANDHRA PRADESH,India
pramod,premod48@fgtsoft.site,Ram@12345,7932002752,516003,382/8j,sandeepkumar halli,Kadapa,ANDHRA PRADESH,India
manjeetkumar,menjeetkumer62@fgtsoft.site,Ram@12345,8326860500,530005,380/23k,gurmitsingh halli,Visakhapatnam,ANDHRA PRADESH,India
vimalkumar,vimelkumer46@fgtsoft.site,Ram@12345,8370856940,530017,238/46l,jatinsonu mutt,Visakhapatnam,ANDHRA PRADESH,India
vijay,vijey24@fgtsoft.site,Ram@12345,7947447277,530012,631/61z,vivek road,Visakhapatnam,ANDHRA PRADESH,India
abbasmehndi,ebbesmehndi86@fgtsoft.site,Ram@12345,6679568675,517501,61/42x,sheakshakir mutt,Tirupati,ANDHRA PRADESH,India
omprkash,omprkesh41@fgtsoft.site,Ram@12345,8547274275,530009,22/77c,mohankumar halli,Visakhapatnam,ANDHRA PRADESH,India
deepakrathore,deepekrethore16@fgtsoft.site,Ram@12345,9582429077,530014,888/65v,sandeepmeghawal nagar,Visakhapatnam,ANDHRA PRADESH,India
masoom,mesoom66@fgtsoft.site,Ram@12345,6958533668,530018,17/30b,anubhavshrivastab halli,Visakhapatnam,ANDHRA PRADESH,India
deepakkamat,deepekkemet22@fgtsoft.site,Ram@12345,8450845693,517503,845/26n,mahabirprasad road,Tirupati,ANDHRA PRADESH,India
ajayajju,ejeyejju66@fgtsoft.site,Ram@12345,9449749537,520007,816/3m,rajuchhotu road,Vijayawada,ANDHRA PRADESH,India
abhishek,ebhishek14@fgtsoft.site,Ram@12345,9654564642,520013,990/52q,santosh road,Vijayawada,ANDHRA PRADESH,India
toquirali,toquireli26@fgtsoft.site,Ram@12345,9202395683,520005,510/98w,parveen mutt,Vijayawada,ANDHRA PRADESH,India
shyamsundra,shyemsundre88@fgtsoft.site,Ram@12345,8267895525,520010,46/14e,chandesh road,Vijayawada,ANDHRA PRADESH,India
ankit,enkit68@fgtsoft.site,Ram@12345,9520469303,520004,805/82r,sachin nagar,Vijayawada,ANDHRA PRADESH,India
sarthakdadwal,serthekdedwel46@fgtsoft.site,Ram@12345,7878985959,530013,802/80t,mohd.mukhtaar nagar,Visakhapatnam,ANDHRA PRADESH,India
armaansuvalin,ermeensuvelin26@fgtsoft.site,Ram@12345,9405863655,520009,641/28y,avinsh mutt,Vijayawada,ANDHRA PRADESH,India
kunalkishore,kunelkishore62@fgtsoft.site,Ram@12345,7667297803,520003,462/3u,pawankumar halli,Vijayawada,ANDHRA PRADESH,India
nabavshekh,nebevshekh12@fgtsoft.site,Ram@12345,7495949729,530007,393/22i,gurmitsingh road,Visakhapatnam,ANDHRA PRADESH,India
kasimansari,kesimenseri66@fgtsoft.site,Ram@12345,8807905463,517502,128/68o,dollyrekhawomontoshah halli,Tirupati,ANDHRA PRADESH,India
nitinparkash,nitinperkesh41@fgtsoft.site,Ram@12345,9525525660,516003,111/30p,chandershaker mutt,Kadapa,ANDHRA PRADESH,India
deepak,deepek22@fgtsoft.site,Ram@12345,6764455330,530010,469/41a,avinsh halli,Visakhapatnam,ANDHRA PRADESH,India
subinsugathan,subinsugethen26@fgtsoft.site,Ram@12345,8268957436,520002,413/27s,mohansingh road,Vijayawada,ANDHRA PRADESH,India
mayuragarwal,meyuregerwel16@fgtsoft.site,Ram@12345,9397007568,517506,140/26d,kailashkumar road,Tirupati,ANDHRA PRADESH,India
madanlal,medenlel40@fgtsoft.site,Ram@12345,9539754424,530011,667/28f,bharat mutt,Visakhapatnam,ANDHRA PRADESH,India
vinaykumar,vineykumer62@fgtsoft.site,Ram@12345,9995059520,517505,697/62g,mukulyadav road,Tirupati,ANDHRA PRADESH,India
ghansyamsoni,ghensyemsoni26@fgtsoft.site,Ram@12345,8255755750,520012,648/78h,ramvilash nagar,Vijayawada,ANDHRA PRADESH,India
ramdutt,remdutt66@fgtsoft.site,Ram@12345,9555544049,520011,5/44j,gurmitsingh mutt,Vijayawada,ANDHRA PRADESH,India
sanjeevsharma,senjeevsherme62@fgtsoft.site,Ram@12345,7858848794,530019,94/97k,rajkumarchawla halli,Visakhapatnam,ANDHRA PRADESH,India
devendersingh,devendersingh86@fgtsoft.site,Ram@12345,6858452375,530006,767/68l,rajbir mutt,Visakhapatnam,ANDHRA PRADESH,India
asharam,esherem20@fgtsoft.site,Ram@12345,6859895094,515414,832/64z,rajakumar mutt,Tadipatri,ANDHRA PRADESH,India
sonpalsonukumar,sonpelsonukumer61@fgtsoft.site,Ram@12345,9624627088,515411,608/53x,madan mutt,Tadipatri,ANDHRA PRADESH,India
badriprsadmishra,bedriprsedmishre64@fgtsoft.site,Ram@12345,9985895567,520008,239/71c,vansudev mutt,Vijayawada,ANDHRA PRADESH,India
azadali,ezedeli80@fgtsoft.site,Ram@12345,8703488595,516003,403/74v,mohdataullah mutt,Kadapa,ANDHRA PRADESH,India
jorjvargees,jorjvergees26@fgtsoft.site,Ram@12345,8355679895,516003,606/16b,santosh road,Kadapa,ANDHRA PRADESH,India
nareshadhikari,nereshedhikeri16@fgtsoft.site,Ram@12345,7208894206,530004,362/62n,kuldeepsingh halli,Visakhapatnam,ANDHRA PRADESH,India
deepu,deepu46@fgtsoft.site,Ram@12345,7035200260,517507,223/70m,rohit mutt,Tirupati,ANDHRA PRADESH,India
pawansingh,pewensingh46@fgtsoft.site,Ram@12345,9947442902,516003,936/71q,ankit halli,Kadapa,ANDHRA PRADESH,India
aashik,eeshik26@fgtsoft.site,Ram@12345,9535050870,530002,946/13w,mohithimanshu halli,Visakhapatnam,ANDHRA PRADESH,India
amitkumarverma,emitkumerverme68@fgtsoft.site,Ram@12345,8354792535,516003,805/95e,nitin mutt,Kadapa,ANDHRA PRADESH,India
subhamvikash,subhemvikesh16@fgtsoft.site,Ram@12345,7400370684,530002,241/88r,sachin halli,Visakhapatnam,ANDHRA PRADESH,India
sugodhkumar,sugodhkumer46@fgtsoft.site,Ram@12345,7363808375,530016,125/3t,ajay mutt,Visakhapatnam,ANDHRA PRADESH,India
ashok,eshok21@fgtsoft.site,Ram@12345,9253364600,530008,620/96y,deepak halli,Visakhapatnam,ANDHRA PRADESH,India
satish,setish88@fgtsoft.site,Ram@12345,9594883742,530020,786/13u,ramvilash mutt,Visakhapatnam,ANDHRA PRADESH,India
sanjeev,senjeev40@fgtsoft.site,Ram@12345,8835585572,515413,159/1i,kailashkumar road,Tadipatri,ANDHRA PRADESH,India
munendersingh,munendersingh86@fgtsoft.site,Ram@12345,6982459654,530003,290/3o,chandesh road,Visakhapatnam,ANDHRA PRADESH,India
krishankumar,krishenkumer26@fgtsoft.site,Ram@12345,7778678550,530015,342/68p,pintuthakur nagar,Visakhapatnam,ANDHRA PRADESH,India
suraj,surej16@fgtsoft.site,Ram@12345,6947586083,515412,918/56a,sumit mutt,Tadipatri,ANDHRA PRADESH,India
ashutoshdeepak,eshutoshdeepek40@fgtsoft.site,Ram@12345,8570026098,520006,310/57s,rishikakdia mutt,Vijayawada,ANDHRA PRADESH,India
rajkumar,rejkumer22@fgtsoft.site,Ram@12345,8600853292,517504,675/14d,shafibul road,Tirupati,ANDHRA PRADESH,India
saddamhussain,seddemhussein62@fgtsoft.site,Ram@12345,9058546506,516003,619/6f,sandeepkumar mutt,Kadapa,ANDHRA PRADESH,India
harender,herender26@fgtsoft.site,Ram@12345,8425585827,530005,5/52g,ramvilash mutt,Visakhapatnam,ANDHRA PRADESH,India
jaykumar,jeykumer80@fgtsoft.site,Ram@12345,7459749755,530017,532/53h,khursid road,Visakhapatnam,ANDHRA PRADESH,India
mohdimranmunna,mohdimrenmunne60@fgtsoft.site,Ram@12345,9856227475,530012,760/47j,bishun mutt,Visakhapatnam,ANDHRA PRADESH,India
amit,emit40@fgtsoft.site,Ram@12345,7859058684,517501,277/48k,rishikakdia halli,Tirupati,ANDHRA PRADESH,India
shyamsunder,shyemsunder62@fgtsoft.site,Ram@12345,8670450725,530009,486/87l,deepak nagar,Visakhapatnam,ANDHRA PRADESH,India
parmod,permod66@fgtsoft.site,Ram@12345,7665496857,530014,495/58z,sumitmitra road,Visakhapatnam,ANDHRA PRADESH,India
mangatsingh,mengetsingh60@fgtsoft.site,Ram@12345,7009787696,530018,764/18x,jagdish road,Visakhapatnam,ANDHRA PRADESH,India
sanjeev,senjeev22@fgtsoft.site,Ram@12345,9460422525,517503,825/63c,akashgupta halli,Tirupati,ANDHRA PRADESH,India
aryanprateek,eryenpreteek81@fgtsoft.site,Ram@12345,7605245789,520007,825/63v,raghunandandas road,Vijayawada,ANDHRA PRADESH,India
rahulchauhan,rehulcheuhen16@fgtsoft.site,Ram@12345,7552947358,520013,192/4b,dipendrakumar halli,Vijayawada,ANDHRA PRADESH,India
savan,seven41@fgtsoft.site,Ram@12345,9675743702,520005,236/17n,avinsh mutt,Vijayawada,ANDHRA PRADESH,India
mohdsiwam,mohdsiwem22@fgtsoft.site,Ram@12345,9480545052,520010,239/52m,yognder halli,Vijayawada,ANDHRA PRADESH,India
aarif,eerif66@fgtsoft.site,Ram@12345,9925675324,520004,806/75q,beeru mutt,Vijayawada,ANDHRA PRADESH,India
rajenderkumar,rejenderkumer62@fgtsoft.site,Ram@12345,8508455452,530013,507/57w,kuldeep mutt,Visakhapatnam,ANDHRA PRADESH,India
dinesh,dinesh86@fgtsoft.site,Ram@12345,7956844535,520009,306/69e,maansinghaswal halli,Vijayawada,ANDHRA PRADESH,India
manishmukesh,menishmukesh21@fgtsoft.site,Ram@12345,7568935435,520003,81/33r,sevakpitambarlal road,Vijayawada,ANDHRA PRADESH,India
rameshsinghnegi,remeshsinghnegi61@fgtsoft.site,Ram@12345,7488604089,530007,631/79t,ashokkumarso halli,Visakhapatnam,ANDHRA PRADESH,India
patikmonu,petikmonu84@fgtsoft.site,Ram@12345,9467482537,517502,901/82y,rahulsharma halli,Tirupati,ANDHRA PRADESH,India
nandkishor,nendkishor68@fgtsoft.site,Ram@12345,8628555435,516003,257/42u,chandesh road,Kadapa,ANDHRA PRADESH,India
rajeevluka,rejeevluke26@fgtsoft.site,Ram@12345,9235852453,530010,224/33i,kabir road,Visakhapatnam,ANDHRA PRADESH,India
saradraghuvansi,seredreghuvensi66@fgtsoft.site,Ram@12345,8220779852,520002,476/26o,khadaksingh mutt,Vijayawada,ANDHRA PRADESH,India
ramprakash,remprekesh12@fgtsoft.site,Ram@12345,6837709439,517506,707/10p,gumansinghbasyal mutt,Tirupati,ANDHRA PRADESH,India
shpratapsingh,shpretepsingh28@fgtsoft.site,Ram@12345,7657670983,530011,29/32a,mukulyadav halli,Visakhapatnam,ANDHRA PRADESH,India
liyakatali,liyeketeli42@fgtsoft.site,Ram@12345,9879800282,517505,550/12s,virender halli,Tirupati,ANDHRA PRADESH,India
vicky,vicky24@fgtsoft.site,Ram@12345,9009774424,520012,701/13d,aman mutt,Vijayawada,ANDHRA PRADESH,India
bodhrajkala,bodhrejkele66@fgtsoft.site,Ram@12345,6955449593,520011,117/91f,jagdish road,Vijayawada,ANDHRA PRADESH,India
pankajratori,penkejretori66@fgtsoft.site,Ram@12345,6856832645,530019,584/57g,yogesh road,Visakhapatnam,ANDHRA PRADESH,India
leeladharnarang,leeledhernereng66@fgtsoft.site,Ram@12345,7568468745,530006,153/76h,kunalkannu mutt,Visakhapatnam,ANDHRA PRADESH,India
devender,devender21@fgtsoft.site,Ram@12345,9643336205,515414,818/68j,rishikakdia mutt,Tadipatri,ANDHRA PRADESH,India
chanchal,chenchel61@fgtsoft.site,Ram@12345,7263846805,515411,765/88k,chotelal mutt,Tadipatri,ANDHRA PRADESH,India
abdulrehman,ebdulrehmen86@fgtsoft.site,Ram@12345,8729802254,520008,132/82l,ankit halli,Vijayawada,ANDHRA PRADESH,India
shamshad,shemshed82@fgtsoft.site,Ram@12345,8284947455,516003,906/49z,mohd.mukhtaar mutt,Kadapa,ANDHRA PRADESH,India
bittupaswan,bittupeswen42@fgtsoft.site,Ram@12345,9565577398,516003,551/94x,kausalkumar nagar,Kadapa,ANDHRA PRADESH,India
shashanksharma,sheshenksherme60@fgtsoft.site,Ram@12345,7340979505,530004,512/11c,rajuchhotu mutt,Visakhapatnam,ANDHRA PRADESH,India
harechatiyan,herechetiyen22@fgtsoft.site,Ram@12345,6930832046,517507,813/74v,ajay halli,Tirupati,ANDHRA PRADESH,India
deepak,deepek82@fgtsoft.site,Ram@12345,7652002907,516003,344/65b,gulfam nagar,Kadapa,ANDHRA PRADESH,India
vipulander,vipulender66@fgtsoft.site,Ram@12345,6780744082,530002,596/5n,sandeepkumar halli,Visakhapatnam,ANDHRA PRADESH,India
yogesh,yogesh66@fgtsoft.site,Ram@12345,9079453570,516003,995/73m,yogesh nagar,Kadapa,ANDHRA PRADESH,India
abdulrahman,ebdulrehmen46@fgtsoft.site,Ram@12345,7596232824,530002,634/99q,supriyalsen halli,Visakhapatnam,ANDHRA PRADESH,India
raju,reju46@fgtsoft.site,Ram@12345,7237835826,530016,296/59w,mohammadali nagar,Visakhapatnam,ANDHRA PRADESH,India
khumaram,khumerem26@fgtsoft.site,Ram@12345,7697546580,530008,53/85e,manojyadavmanoj halli,Visakhapatnam,ANDHRA PRADESH,India
nareshchandpappu,nereshchendpeppu64@fgtsoft.site,Ram@12345,9543093506,530020,997/77r,rajuchhotu road,Visakhapatnam,ANDHRA PRADESH,India
saurabh,seurebh22@fgtsoft.site,Ram@12345,7230659557,515413,796/77t,shivshaktisingh nagar,Tadipatri,ANDHRA PRADESH,India
komalkabila,komelkebile60@fgtsoft.site,Ram@12345,7388944950,530003,647/67y,suraj road,Visakhapatnam,ANDHRA PRADESH,India
vikashmungeri,vikeshmungeri46@fgtsoft.site,Ram@12345,7855004557,530015,127/38u,pulkitsharma halli,Visakhapatnam,ANDHRA PRADESH,India
deepakkumarmishra,deepekkumermishre61@fgtsoft.site,Ram@12345,8457653594,515412,389/63i,axat halli,Tadipatri,ANDHRA PRADESH,India
piyush,piyush48@fgtsoft.site,Ram@12345,9324200546,520006,644/88o,pulkitsharma road,Vijayawada,ANDHRA PRADESH,India
lakhan,lekhen60@fgtsoft.site,Ram@12345,9455422067,517504,906/84p,amansonibadal mutt,Tirupati,ANDHRA PRADESH,India
nadim,nedim42@fgtsoft.site,Ram@12345,7399627386,516003,756/68a,salman halli,Kadapa,ANDHRA PRADESH,India
sahdab,sehdeb66@fgtsoft.site,Ram@12345,9552687396,530005,680/25s,satyadev halli,Visakhapatnam,ANDHRA PRADESH,India
deepak,deepek88@fgtsoft.site,Ram@12345,9489895970,530017,940/9d,adnan nagar,Visakhapatnam,ANDHRA PRADESH,India
tufel,tufel62@fgtsoft.site,Ram@12345,7237807565,530012,714/61f,santosh halli,Visakhapatnam,ANDHRA PRADESH,India
tekchand,tekchend20@fgtsoft.site,Ram@12345,9466784552,517501,812/93g,dharamsingh halli,Tirupati,ANDHRA PRADESH,India
ravikumar,revikumer22@fgtsoft.site,Ram@12345,9056603347,530009,171/39h,azaruddin road,Visakhapatnam,ANDHRA PRADESH,India
bobby,bobby62@fgtsoft.site,Ram@12345,9930352567,530014,53/49j,kishan halli,Visakhapatnam,ANDHRA PRADESH,India
pankaj,penkej64@fgtsoft.site,Ram@12345,9285062365,530018,972/8k,rajkumar nagar,Visakhapatnam,ANDHRA PRADESH,India
amitkumar,emitkumer24@fgtsoft.site,Ram@12345,7758570765,517503,811/28l,kunalkannu road,Tirupati,ANDHRA PRADESH,India
tejvir,tejvir81@fgtsoft.site,Ram@12345,9062729496,520007,167/55z,rahulsharma mutt,Vijayawada,ANDHRA PRADESH,India
sachinkumar,sechinkumer66@fgtsoft.site,Ram@12345,9382556235,520013,762/30x,dipendrakumar nagar,Vijayawada,ANDHRA PRADESH,India
dilip,dilip82@fgtsoft.site,Ram@12345,7046424577,520005,334/6c,tammanne halli,Vijayawada,ANDHRA PRADESH,India
ravishankar,revishenker62@fgtsoft.site,Ram@12345,9252237570,520010,964/69v,sumit mutt,Vijayawada,ANDHRA PRADESH,India
deepak,deepek42@fgtsoft.site,Ram@12345,8804329929,520004,613/30b,rishi nagar,Vijayawada,ANDHRA PRADESH,India
subodh,subodh62@fgtsoft.site,Ram@12345,7757234743,530013,852/7n,aman mutt,Visakhapatnam,ANDHRA PRADESH,India
pramood,premood46@fgtsoft.site,Ram@12345,6924500657,520009,649/33m,jamilkhan nagar,Vijayawada,ANDHRA PRADESH,India
dev,dev86@fgtsoft.site,Ram@12345,8702864506,520003,927/9q,jagdish road,Vijayawada,ANDHRA PRADESH,India
devender,devender20@fgtsoft.site,Ram@12345,8047599590,530007,256/74w,kuldeepsingh nagar,Visakhapatnam,ANDHRA PRADESH,India
sureshtinku,sureshtinku46@fgtsoft.site,Ram@12345,8059376822,517502,641/62e,mukulyadav mutt,Tirupati,ANDHRA PRADESH,India
shrikant,shrikent82@fgtsoft.site,Ram@12345,6709339579,516003,815/6r,silender road,Kadapa,ANDHRA PRADESH,India
omparkash,omperkesh26@fgtsoft.site,Ram@12345,9948902505,530010,567/47t,rahul mutt,Visakhapatnam,ANDHRA PRADESH,India
muntiyaj,muntiyej66@fgtsoft.site,Ram@12345,8674784538,520002,699/42y,dineshkumar mutt,Vijayawada,ANDHRA PRADESH,India
rajakumar,rejekumer66@fgtsoft.site,Ram@12345,8795535533,517506,556/20u,amit road,Tirupati,ANDHRA PRADESH,India
chetanpandey,chetenpendey42@fgtsoft.site,Ram@12345,8646095546,530011,246/99i,arvindkumaryadav mutt,Visakhapatnam,ANDHRA PRADESH,India
lilu,lilu20@fgtsoft.site,Ram@12345,7375523499,517505,417/71o,somdutt nagar,Tirupati,ANDHRA PRADESH,India
surjeet,surjeet66@fgtsoft.site,Ram@12345,8920496475,520012,969/88p,ramvilash mutt,Vijayawada,ANDHRA PRADESH,India
dev,dev20@fgtsoft.site,Ram@12345,9057794875,520011,349/58a,shubhamyadav nagar,Vijayawada,ANDHRA PRADESH,India
raju,reju62@fgtsoft.site,Ram@12345,8753554355,530019,709/99s,anilkumar halli,Visakhapatnam,ANDHRA PRADESH,India
sunderlal,sunderlel26@fgtsoft.site,Ram@12345,9469402538,530006,901/58d,rohit mutt,Visakhapatnam,ANDHRA PRADESH,India
amanbhatt,emenbhett12@fgtsoft.site,Ram@12345,9556074033,515414,504/74f,talim halli,Tadipatri,ANDHRA PRADESH,India
ratikantmaghi,retikentmeghi60@fgtsoft.site,Ram@12345,8957945273,515411,97/56g,aman mutt,Tadipatri,ANDHRA PRADESH,India
anilkumar,enilkumer86@fgtsoft.site,Ram@12345,9529596242,520008,406/59h,arindra halli,Vijayawada,ANDHRA PRADESH,India
deva,deve68@fgtsoft.site,Ram@12345,9565025927,516003,641/47j,rustamshah road,Kadapa,ANDHRA PRADESH,India
firoz,firoz26@fgtsoft.site,Ram@12345,7262877078,516003,734/73k,sanjaycharee halli,Kadapa,ANDHRA PRADESH,India
rahul,rehul42@fgtsoft.site,Ram@12345,8698984993,530004,377/88l,vivek halli,Visakhapatnam,ANDHRA PRADESH,India
dr.hemaharipago,dr.hemeheripego12@fgtsoft.site,Ram@12345,7486408307,517507,456/76z,abhishekh road,Tirupati,ANDHRA PRADESH,India
raghuveer,reghuveer24@fgtsoft.site,Ram@12345,8667848635,516003,553/85x,arunvicky nagar,Kadapa,ANDHRA PRADESH,India
dheeraj,dheerej26@fgtsoft.site,Ram@12345,7389993697,530002,876/23c,md.afsar mutt,Visakhapatnam,ANDHRA PRADESH,India
sardarsarbjeetsingh,serderserbjeetsingh26@fgtsoft.site,Ram@12345,7735458804,516003,336/62v,somdutt halli,Kadapa,ANDHRA PRADESH,India
ramansharma,remensherme26@fgtsoft.site,Ram@12345,9522542800,530002,219/29b,rajeev halli,Visakhapatnam,ANDHRA PRADESH,India
lalitrastogi,lelitrestogi24@fgtsoft.site,Ram@12345,6954529353,530016,769/78n,preetamkumar mutt,Visakhapatnam,ANDHRA PRADESH,India
sitaram,siterem66@fgtsoft.site,Ram@12345,7753583440,530008,775/3m,sureshkumar nagar,Visakhapatnam,ANDHRA PRADESH,India
dharmbirsingh,dhermbirsingh66@fgtsoft.site,Ram@12345,8740485955,530020,702/20q,pintukumar mutt,Visakhapatnam,ANDHRA PRADESH,India
krishan,krishen18@fgtsoft.site,Ram@12345,9538852474,515413,192/88w,veerbhansingh halli,Tadipatri,ANDHRA PRADESH,India
ritik,ritik62@fgtsoft.site,Ram@12345,7355886559,530003,352/39e,jagdish halli,Visakhapatnam,ANDHRA PRADESH,India
ketan,keten66@fgtsoft.site,Ram@12345,8572480645,530015,661/52r,murari nagar,Visakhapatnam,ANDHRA PRADESH,India
angregsingh,engregsingh18@fgtsoft.site,Ram@12345,7866447854,515412,848/37t,rashid road,Tadipatri,ANDHRA PRADESH,India
dinesh,dinesh21@fgtsoft.site,Ram@12345,9477093750,520006,309/61y,subhash road,Vijayawada,ANDHRA PRADESH,India
sitarambairwa,siterembeirwe62@fgtsoft.site,Ram@12345,8399577326,517504,861/6u,shyamkumar nagar,Tirupati,ANDHRA PRADESH,India
rampati,rempeti26@fgtsoft.site,Ram@12345,7727855270,516003,904/14i,rishikakdia halli,Kadapa,ANDHRA PRADESH,India
rahul,rehul24@fgtsoft.site,Ram@12345,8245979258,530005,32/16o,durgesh road,Visakhapatnam,ANDHRA PRADESH,India
karanbajaj,kerenbejej12@fgtsoft.site,Ram@12345,8536354525,530017,31/44p,shelenderyadav halli,Visakhapatnam,ANDHRA PRADESH,India
abhishek,ebhishek61@fgtsoft.site,Ram@12345,9375987942,530012,10/22a,sanjay halli,Visakhapatnam,ANDHRA PRADESH,India
ramsurat,remsuret60@fgtsoft.site,Ram@12345,7467756244,517501,896/22s,rohit nagar,Tirupati,ANDHRA PRADESH,India
jitendrakumar,jitendrekumer81@fgtsoft.site,Ram@12345,9590567765,530009,616/78d,sureshkumar halli,Visakhapatnam,ANDHRA PRADESH,India
sanjeev,senjeev21@fgtsoft.site,Ram@12345,7268655908,530014,444/58f,nausad nagar,Visakhapatnam,ANDHRA PRADESH,India
lalitkumar,lelitkumer88@fgtsoft.site,Ram@12345,7000448397,530018,822/35g,harparsad halli,Visakhapatnam,ANDHRA PRADESH,India
jockyipai,jockyipei11@fgtsoft.site,Ram@12345,7479672905,517503,219/11h,vipin nagar,Tirupati,ANDHRA PRADESH,India
aslamali,eslemeli82@fgtsoft.site,Ram@12345,8585334030,520007,208/40j,kishan road,Vijayawada,ANDHRA PRADESH,India
surajkumar,surejkumer62@fgtsoft.site,Ram@12345,9609045255,520013,329/31k,jaswantsingh nagar,Vijayawada,ANDHRA PRADESH,India
jitender,jitender26@fgtsoft.site,Ram@12345,9275655488,520005,906/49l,niraj nagar,Vijayawada,ANDHRA PRADESH,India
murlidhar,murlidher16@fgtsoft.site,Ram@12345,9227496093,520010,58/7z,yogesh road,Vijayawada,ANDHRA PRADESH,India
rehmankhan,rehmenkhen62@fgtsoft.site,Ram@12345,8407673003,520004,457/80x,supriyalsen mutt,Vijayawada,ANDHRA PRADESH,India
gurdarshansingh,gurdershensingh62@fgtsoft.site,Ram@12345,7554455275,530013,426/19c,dineshkumar road,Visakhapatnam,ANDHRA PRADESH,India
ramsem,remsem20@fgtsoft.site,Ram@12345,9806873720,520009,245/45v,rohit halli,Vijayawada,ANDHRA PRADESH,India
shahrukh,shehrukh26@fgtsoft.site,Ram@12345,8348520904,520003,205/86b,vishalmoni road,Vijayawada,ANDHRA PRADESH,India
krishangopal,krishengopel28@fgtsoft.site,Ram@12345,8478358240,530007,40/80n,rajbir road,Visakhapatnam,ANDHRA PRADESH,India
aakash,eekesh86@fgtsoft.site,Ram@12345,9005908572,517502,261/37m,gurmitsingh road,Tirupati,ANDHRA PRADESH,India
pardeepkumar,perdeepkumer46@fgtsoft.site,Ram@12345,9604694600,516003,126/83q,santosh mutt,Kadapa,ANDHRA PRADESH,India
atulkumar,etulkumer82@fgtsoft.site,Ram@12345,9770586774,530010,947/41w,pawan mutt,Visakhapatnam,ANDHRA PRADESH,India
laxman,lexmen42@fgtsoft.site,Ram@12345,7925223548,520002,931/16e,kuldeepsingh nagar,Vijayawada,ANDHRA PRADESH,India
shanwazanwar,shenwezenwer26@fgtsoft.site,Ram@12345,7674985568,517506,814/26r,rakeshsarkar nagar,Tirupati,ANDHRA PRADESH,India
samsuddin,semsuddin26@fgtsoft.site,Ram@12345,9055537994,530011,945/5t,shivkumar road,Visakhapatnam,ANDHRA PRADESH,India
jyotiprakash,jyotiprekesh41@fgtsoft.site,Ram@12345,9397699020,517505,788/76y,arjun nagar,Tirupati,ANDHRA PRADESH,India
ankit,enkit66@fgtsoft.site,Ram@12345,8527996557,520012,642/25u,beeru road,Vijayawada,ANDHRA PRADESH,India
sagar,seger26@fgtsoft.site,Ram@12345,7559575685,520011,458/7i,jitender road,Vijayawada,ANDHRA PRADESH,India
souravsumit,sourevsumit46@fgtsoft.site,Ram@12345,9854684589,530019,538/64o,ankit mutt,Visakhapatnam,ANDHRA PRADESH,India
chainsinghravi,cheinsinghrevi62@fgtsoft.site,Ram@12345,9029358858,530006,601/43p,murari nagar,Visakhapatnam,ANDHRA PRADESH,India
ravirinkku,revirinkku16@fgtsoft.site,Ram@12345,9428544435,515414,400/28a,harmansingh nagar,Tadipatri,ANDHRA PRADESH,India
somender,somender16@fgtsoft.site,Ram@12345,7355775980,515411,477/23s,kuldeepsingh mutt,Tadipatri,ANDHRA PRADESH,India
sorabh,sorebh66@fgtsoft.site,Ram@12345,7600783223,520008,523/5d,amitkumar halli,Vijayawada,ANDHRA PRADESH,India
phirdosalam,phirdoselem21@fgtsoft.site,Ram@12345,7386087507,516003,344/66f,salman road,Kadapa,ANDHRA PRADESH,India
aabid,eebid26@fgtsoft.site,Ram@12345,9668093487,516003,629/61g,aslamallam road,Kadapa,ANDHRA PRADESH,India
rajneeshkumar,rejneeshkumer68@fgtsoft.site,Ram@12345,7489235060,530004,69/29h,vijay halli,Visakhapatnam,ANDHRA PRADESH,India
sumit,sumit82@fgtsoft.site,Ram@12345,7282426498,517507,165/45j,arjun nagar,Tirupati,ANDHRA PRADESH,India
shakil,shekil82@fgtsoft.site,Ram@12345,8645270500,516003,765/23k,ramkumar halli,Kadapa,ANDHRA PRADESH,India
ayankhan,eyenkhen86@fgtsoft.site,Ram@12345,8057729793,530002,30/32l,sanjaycharee road,Visakhapatnam,ANDHRA PRADESH,India
rajeshnaydu,rejeshneydu64@fgtsoft.site,Ram@12345,8284055053,516003,582/80z,axat road,Kadapa,ANDHRA PRADESH,India
ajaykumar,ejeykumer42@fgtsoft.site,Ram@12345,8757886550,530002,292/83x,karan mutt,Visakhapatnam,ANDHRA PRADESH,India
monu,monu26@fgtsoft.site,Ram@12345,9995264089,530016,614/72c,sandeepmeghawal road,Visakhapatnam,ANDHRA PRADESH,India
lalit,lelit68@fgtsoft.site,Ram@12345,7954655834,530008,277/54v,sachin road,Visakhapatnam,ANDHRA PRADESH,India
harshsinghal,hershsinghel20@fgtsoft.site,Ram@12345,9760485455,530020,523/13b,sandeepmeghawal nagar,Visakhapatnam,ANDHRA PRADESH,India
abhinavvashishat,ebhinevveshishet61@fgtsoft.site,Ram@12345,7762320265,515413,84/83n,krishan halli,Tadipatri,ANDHRA PRADESH,India
amil,emil88@fgtsoft.site,Ram@12345,8058597506,530003,832/87m,axat halli,Visakhapatnam,ANDHRA PRADESH,India
sidharath,sidhereth21@fgtsoft.site,Ram@12345,9054896054,530015,866/89q,vinitkatariya halli,Visakhapatnam,ANDHRA PRADESH,India
ankit,enkit88@fgtsoft.site,Ram@12345,7835244044,515412,33/63w,irfan mutt,Tadipatri,ANDHRA PRADESH,India
ankit,enkit62@fgtsoft.site,Ram@12345,8257225328,520006,654/17e,kausalkumar road,Vijayawada,ANDHRA PRADESH,India
madanjain,medenjein12@fgtsoft.site,Ram@12345,6733520086,517504,781/9r,sparsh mutt,Tirupati,ANDHRA PRADESH,India
milapchand,milepchend48@fgtsoft.site,Ram@12345,8489763989,516003,261/52t,jamilkhan halli,Kadapa,ANDHRA PRADESH,India
atul,etul88@fgtsoft.site,Ram@12345,8320566929,530005,319/58y,adnan halli,Visakhapatnam,ANDHRA PRADESH,India
mohitchauhan,mohitcheuhen61@fgtsoft.site,Ram@12345,9990755954,530017,980/1u,mohithimanshu nagar,Visakhapatnam,ANDHRA PRADESH,India
amarsinghmahar,emersinghmeher66@fgtsoft.site,Ram@12345,9833857502,530012,945/17i,chandershaker mutt,Visakhapatnam,ANDHRA PRADESH,India
ajaymannu,ejeymennu22@fgtsoft.site,Ram@12345,8074748563,517501,308/65o,farmaankhan road,Tirupati,ANDHRA PRADESH,India
sunny,sunny16@fgtsoft.site,Ram@12345,7230368076,530009,474/66p,raghunandandas nagar,Visakhapatnam,ANDHRA PRADESH,India
amit,emit82@fgtsoft.site,Ram@12345,8523803753,530014,332/7a,adnan nagar,Visakhapatnam,ANDHRA PRADESH,India
santoshpandey,sentoshpendey28@fgtsoft.site,Ram@12345,8756528225,530018,511/28s,rakesh road,Visakhapatnam,ANDHRA PRADESH,India
sannykumar,sennykumer28@fgtsoft.site,Ram@12345,6696355479,517503,484/82d,devinderchadda halli,Tirupati,ANDHRA PRADESH,India
ravi,revi20@fgtsoft.site,Ram@12345,9654796050,520007,283/91f,sachin road,Vijayawada,ANDHRA PRADESH,India
sumit,sumit44@fgtsoft.site,Ram@12345,9994675096,520013,453/13g,rahul nagar,Vijayawada,ANDHRA PRADESH,India
roshan,roshen28@fgtsoft.site,Ram@12345,9933080528,520005,276/27h,salman road,Vijayawada,ANDHRA PRADESH,India
rohit,rohit26@fgtsoft.site,Ram@12345,7499597495,520010,462/75j,yognder nagar,Vijayawada,ANDHRA PRADESH,India
ashishaashu,eshisheeshu62@fgtsoft.site,Ram@12345,9000405227,520004,395/54k,azaruddin nagar,Vijayawada,ANDHRA PRADESH,India
deepak,deepek22@fgtsoft.site,Ram@12345,7267330650,530013,355/26l,vinod nagar,Visakhapatnam,ANDHRA PRADESH,India
amit,emit22@fgtsoft.site,Ram@12345,7399274549,520009,552/96z,deep halli,Vijayawada,ANDHRA PRADESH,India
sonu,sonu60@fgtsoft.site,Ram@12345,9970670762,520003,344/12x,ramduttgupta mutt,Vijayawada,ANDHRA PRADESH,India
amit,emit88@fgtsoft.site,Ram@12345,8772200503,530007,732/64c,adnan nagar,Visakhapatnam,ANDHRA PRADESH,India
jeeyalal,jeeyelel66@fgtsoft.site,Ram@12345,9272226205,517502,589/56v,ajaynarayan road,Tirupati,ANDHRA PRADESH,India
sachinkumaltaneja,sechinkumelteneje26@fgtsoft.site,Ram@12345,8628959405,516003,22/35b,kuldeep mutt,Kadapa,ANDHRA PRADESH,India
chanderpal,chenderpel22@fgtsoft.site,Ram@12345,9999379743,530010,146/94n,krishan mutt,Visakhapatnam,ANDHRA PRADESH,India
arjunyadav,erjunyedev26@fgtsoft.site,Ram@12345,8654687698,520002,360/18m,sandeepkumar halli,Vijayawada,ANDHRA PRADESH,India
arjunyadav,erjunyedev62@fgtsoft.site,Ram@12345,8962396952,517506,375/60q,sandeep road,Tirupati,ANDHRA PRADESH,India
sandeepkumar,sendeepkumer66@fgtsoft.site,Ram@12345,9869086709,530011,323/39w,farmaankhan halli,Visakhapatnam,ANDHRA PRADESH,India
ishant,ishent66@fgtsoft.site,Ram@12345,9205643065,517505,319/58e,gulfam nagar,Tirupati,ANDHRA PRADESH,India
vijaykumar,vijeykumer22@fgtsoft.site,Ram@12345,7890425937,520012,906/68r,jagdish road,Vijayawada,ANDHRA PRADESH,India
rameshmalik,remeshmelik21@fgtsoft.site,Ram@12345,9096240430,520011,104/16t,rakesh nagar,Vijayawada,ANDHRA PRADESH,India
sagartakla,segertekle66@fgtsoft.site,Ram@12345,7038994252,530019,29/29y,gopalsharma halli,Visakhapatnam,ANDHRA PRADESH,India
vishal,vishel81@fgtsoft.site,Ram@12345,8492088490,530006,795/72u,azaz mutt,Visakhapatnam,ANDHRA PRADESH,India
durganand,durgenend16@fgtsoft.site,Ram@12345,8755584485,515414,74/27i,rahul halli,Tadipatri,ANDHRA PRADESH,India
vishal,vishel84@fgtsoft.site,Ram@12345,7735653520,515411,700/77o,talim nagar,Tadipatri,ANDHRA PRADESH,India
